Index,Cluster,Sub-cluster,Label
0.0,Cyclic,Cyclic_No-Trend_Stable,Oscillation
1.0,2,2_1,Positive_Exponential_Growth
2.0,Cyclic,Cyclic_No-Trend_Diverging,Oscillation
3.0,2,2_1,Positive_Exponential_Growth
4.0,Cyclic,Cyclic_Down-Trend_Dampening,Oscillation
5.0,Cyclic,Cyclic_No-Trend_Dampening,Oscillation
6.0,Cyclic,Cyclic_No-Trend_Diverging,Oscillation
7.0,Growth&Decline,Growth&Decline_1,Growth&Decline
8.0,Linear,Linear_0,Linear_Growth
9.0,Cyclic,Cyclic_Down-Trend_Diverging,Oscillation
10.0,2,2_0,Positive_Exponential_Growth
11.0,Growth&Decline,Growth&Decline_0,Growth&Decline
12.0,Cyclic,Cyclic_No-Trend_Diverging,Oscillation
13.0,Growth&Decline,Growth&Decline_0,Growth&Decline
14.0,Growth&Decline,Growth&Decline_1,Growth&Decline
15.0,Cyclic,Cyclic_No-Trend_Stable,Oscillation
16.0,Cyclic,Cyclic_No-Trend_Stable,Oscillation
17.0,3,3_0,S-shape_Growth
18.0,Cyclic,Cyclic_Up-Trend_Diverging,Oscillation
19.0,Cyclic,Cyclic_Down-Trend_Stable,Oscillation
20.0,Cyclic,Cyclic_Down-Trend_Stable,Oscillation
21.0,Cyclic,Cyclic_No-Trend_Stable,Oscillation
22.0,Cyclic,Cyclic_No-Trend_Stable,Oscillation
23.0,Cyclic,Cyclic_Down-Trend_Indeterminate,Oscillation
24.0,Cyclic,Cyclic_No-Trend_Dampening,Oscillation
25.0,Linear,Linear_0,Linear_Growth
26.0,Cyclic,Cyclic_Up-Trend_Diverging,Oscillation
27.0,2,2_0,Positive_Exponential_Growth
28.0,Cyclic,Cyclic_No-Trend_Dampening,Oscillation
29.0,Cyclic,Cyclic_No-Trend_Diverging,Oscillation
30.0,3,3_0,S-shape_Growth
31.0,Cyclic,Cyclic_No-Trend_Stable,Oscillation
32.0,3,3_1,Negative_Exponential_Growth
33.0,Cyclic,Cyclic_Up-Trend_Indeterminate,Oscillation
34.0,Linear,Linear_1,Linear_Growth
35.0,Growth&Decline,Growth&Decline_0,Growth&Decline
36.0,Cyclic,Cyclic_Down-Trend_Stable,Oscillation
37.0,3,3_1,Negative_Exponential_Growth
38.0,Cyclic,Cyclic_No-Trend_Indeterminate,Oscillation
39.0,Cyclic,Cyclic_Up-Trend_Indeterminate,Oscillation
40.0,Cyclic,Cyclic_No-Trend_Diverging,Oscillation
41.0,1,1_1,Negative_Exponential_Growth
42.0,Linear,Linear_0,Linear_Growth
43.0,Growth&Decline,Growth&Decline_0,Growth&Decline
44.0,Cyclic,Cyclic_No-Trend_Stable,Oscillation
45.0,Cyclic,Cyclic_No-Trend_Diverging,Oscillation
46.0,Linear,Linear_0,Linear_Growth
47.0,3,3_1,S-shape_Growth
48.0,Growth&Decline,Growth&Decline_1,Growth&Decline
49.0,Growth&Decline,Growth&Decline_0,Growth&Decline
50.0,Cyclic,Cyclic_No-Trend_Dampening,Oscillation
51.0,2,2_0,Positive_Exponential_Growth
52.0,Cyclic,Cyclic_Up-Trend_Diverging,Oscillation
53.0,Cyclic,Cyclic_Down-Trend_Dampening,Oscillation
54.0,Growth&Decline,Growth&Decline_0,Growth&Decline
55.0,Growth&Decline,Growth&Decline_0,Growth&Decline
56.0,3,3_0,S-shape_Growth
57.0,Growth&Decline,Growth&Decline_1,Growth&Decline
58.0,3,3_1,S-shape_Growth
59.0,Cyclic,Cyclic_Down-Trend_Diverging,Oscillation
60.0,Growth&Decline,Growth&Decline_0,Growth&Decline
61.0,Cyclic,Cyclic_No-Trend_Dampening,Oscillation
62.0,Cyclic,Cyclic_No-Trend_Stable,Oscillation
63.0,Cyclic,Cyclic_No-Trend_Dampening,Oscillation
64.0,2,2_0,Positive_Exponential_Growth
65.0,Linear,Linear_0,Linear_Growth
66.0,Growth&Decline,Growth&Decline_1,Growth&Decline
67.0,Cyclic,Cyclic_No-Trend_Diverging,Oscillation
68.0,Growth&Decline,Growth&Decline_0,Growth&Decline
69.0,Cyclic,Cyclic_No-Trend_Stable,Oscillation
70.0,3,3_0,S-shape_Growth
71.0,Cyclic,Cyclic_Up-Trend_Stable,Oscillation
72.0,2,2_0,Positive_Exponential_Growth
73.0,Cyclic,Cyclic_Up-Trend_Stable,Oscillation
74.0,Cyclic,Cyclic_No-Trend_Diverging,Oscillation
75.0,3,3_0,S-shape_Growth
76.0,Growth&Decline,Growth&Decline_1,Growth&Decline
77.0,Cyclic,Cyclic_No-Trend_Stable,Oscillation
78.0,Cyclic,Cyclic_Up-Trend_Indeterminate,Oscillation
79.0,Cyclic,Cyclic_No-Trend_Dampening,Oscillation
80.0,2,2_0,Positive_Exponential_Growth
81.0,Linear,Linear_0,Linear_Growth
82.0,1,1_1,Negative_Exponential_Growth
83.0,Growth&Decline,Growth&Decline_1,Growth&Decline
84.0,Growth&Decline,Growth&Decline_0,Growth&Decline
85.0,Cyclic,Cyclic_No-Trend_Diverging,Oscillation
86.0,Cyclic,Cyclic_No-Trend_Stable,Oscillation
87.0,Linear,Linear_1,Linear_Growth
88.0,2,2_1,Positive_Exponential_Growth
89.0,Growth&Decline,Growth&Decline_1,Growth&Decline
90.0,Cyclic,Cyclic_No-Trend_Diverging,Oscillation
91.0,Linear,Linear_1,Linear_Growth
92.0,3,3_1,S-shape_Growth
93.0,Growth&Decline,Growth&Decline_0,Growth&Decline
94.0,Cyclic,Cyclic_No-Trend_Dampening,Oscillation
95.0,3,3_1,S-shape_Growth
96.0,Cyclic,Cyclic_No-Trend_Diverging,Oscillation
97.0,Cyclic,Cyclic_Down-Trend_Dampening,Oscillation
98.0,Growth&Decline,Growth&Decline_0,Growth&Decline
99.0,Growth&Decline,Growth&Decline_0,Growth&Decline
100.0,2,2_1,Positive_Exponential_Growth
101.0,Growth&Decline,Growth&Decline_1,Growth&Decline
102.0,Cyclic,Cyclic_Up-Trend_Dampening,Oscillation
103.0,Cyclic,Cyclic_No-Trend_Dampening,Oscillation
104.0,2,2_0,Positive_Exponential_Growth
105.0,2,2_0,Positive_Exponential_Growth
106.0,Growth&Decline,Growth&Decline_0,Growth&Decline
107.0,Linear,Linear_1,Linear_Growth
108.0,Growth&Decline,Growth&Decline_0,Growth&Decline
109.0,Cyclic,Cyclic_No-Trend_Stable,Oscillation
110.0,Cyclic,Cyclic_Up-Trend_Stable,Oscillation
111.0,Cyclic,Cyclic_No-Trend_Diverging,Oscillation
112.0,Cyclic,Cyclic_No-Trend_Stable,Oscillation
113.0,Cyclic,Cyclic_Up-Trend_Dampening,Oscillation
114.0,Cyclic,Cyclic_No-Trend_Stable,Oscillation
115.0,2,2_0,Positive_Exponential_Growth
116.0,Growth&Decline,Growth&Decline_1,Growth&Decline
117.0,3,3_1,S-shape_Growth
118.0,Cyclic,Cyclic_Up-Trend_Indeterminate,Oscillation
119.0,Cyclic,Cyclic_No-Trend_Dampening,Oscillation
120.0,Linear,Linear_0,Linear_Growth
121.0,2,2_1,Positive_Exponential_Growth
122.0,Cyclic,Cyclic_No-Trend_Stable,Oscillation
123.0,Cyclic,Cyclic_No-Trend_Dampening,Oscillation
124.0,Growth&Decline,Growth&Decline_0,Growth&Decline
125.0,Growth&Decline,Growth&Decline_0,Growth&Decline
126.0,2,2_1,Positive_Exponential_Growth
127.0,Growth&Decline,Growth&Decline_1,Growth&Decline
128.0,3,3_0,S-shape_Growth
129.0,2,2_1,Positive_Exponential_Growth
130.0,Growth&Decline,Growth&Decline_1,Growth&Decline
131.0,Cyclic,Cyclic_No-Trend_Diverging,Oscillation
132.0,1,1_0,Negative_Exponential_Growth
133.0,Cyclic,Cyclic_No-Trend_Dampening,Oscillation
134.0,Linear,Linear_1,Linear_Growth
135.0,2,2_0,Positive_Exponential_Growth
136.0,1,1_1,Negative_Exponential_Growth
137.0,Cyclic,Cyclic_No-Trend_Stable,Oscillation
138.0,Cyclic,Cyclic_Up-Trend_Diverging,Oscillation
139.0,Cyclic,Cyclic_Up-Trend_Stable,Oscillation
140.0,3,3_0,Negative_Exponential_Growth
141.0,Growth&Decline,Growth&Decline_1,Growth&Decline
142.0,Growth&Decline,Growth&Decline_0,Growth&Decline
143.0,Cyclic,Cyclic_No-Trend_Dampening,Oscillation
144.0,Cyclic,Cyclic_No-Trend_Stable,Oscillation
145.0,Cyclic,Cyclic_No-Trend_Diverging,Oscillation
146.0,3,3_1,S-shape_Growth
147.0,2,2_0,Positive_Exponential_Growth
148.0,Cyclic,Cyclic_No-Trend_Dampening,Oscillation
149.0,Cyclic,Cyclic_No-Trend_Indeterminate,Oscillation
150.0,Growth&Decline,Growth&Decline_0,Growth&Decline
151.0,Growth&Decline,Growth&Decline_0,Growth&Decline
152.0,Cyclic,Cyclic_No-Trend_Diverging,Oscillation
153.0,2,2_1,Positive_Exponential_Growth
154.0,Cyclic,Cyclic_No-Trend_Dampening,Oscillation
155.0,Cyclic,Cyclic_Down-Trend_Stable,Oscillation
156.0,Cyclic,Cyclic_No-Trend_Indeterminate,Oscillation
157.0,Growth&Decline,Growth&Decline_0,Growth&Decline
158.0,3,3_0,S-shape_Growth
159.0,Growth&Decline,Growth&Decline_1,Growth&Decline
160.0,Growth&Decline,Growth&Decline_0,Growth&Decline
161.0,Cyclic,Cyclic_No-Trend_Dampening,Oscillation
162.0,Growth&Decline,Growth&Decline_1,Growth&Decline
163.0,Cyclic,Cyclic_No-Trend_Dampening,Oscillation
164.0,1,1_1,Negative_Exponential_Growth
165.0,3,3_1,S-shape_Growth
166.0,Linear,Linear_1,Linear_Growth
167.0,Growth&Decline,Growth&Decline_1,Growth&Decline
168.0,Cyclic,Cyclic_No-Trend_Stable,Oscillation
169.0,2,2_0,Positive_Exponential_Growth
170.0,Cyclic,Cyclic_No-Trend_Stable,Oscillation
171.0,Cyclic,Cyclic_No-Trend_Dampening,Oscillation
172.0,Cyclic,Cyclic_No-Trend_Diverging,Oscillation
173.0,Growth&Decline,Growth&Decline_0,Growth&Decline
174.0,Growth&Decline,Growth&Decline_1,Growth&Decline
175.0,3,3_0,S-shape_Growth
176.0,3,3_0,Negative_Exponential_Growth
177.0,Growth&Decline,Growth&Decline_0,Growth&Decline
178.0,Cyclic,Cyclic_No-Trend_Stable,Oscillation
179.0,Cyclic,Cyclic_No-Trend_Stable,Oscillation
180.0,Cyclic,Cyclic_Down-Trend_Stable,Oscillation
181.0,Cyclic,Cyclic_Down-Trend_Dampening,Oscillation
182.0,Cyclic,Cyclic_Down-Trend_Indeterminate,Oscillation
183.0,Linear,Linear_0,Linear_Growth
184.0,3,3_1,S-shape_Growth
185.0,Growth&Decline,Growth&Decline_1,Growth&Decline
186.0,Cyclic,Cyclic_Up-Trend_Stable,Oscillation
187.0,Growth&Decline,Growth&Decline_0,Growth&Decline
188.0,Cyclic,Cyclic_No-Trend_Dampening,Oscillation
189.0,1,1_0,Negative_Exponential_Growth
190.0,Cyclic,Cyclic_Up-Trend_Dampening,Oscillation
191.0,Growth&Decline,Growth&Decline_0,Growth&Decline
192.0,Cyclic,Cyclic_No-Trend_Stable,Oscillation
193.0,Growth&Decline,Growth&Decline_1,Growth&Decline
194.0,Linear,Linear_1,Linear_Growth
195.0,Growth&Decline,Growth&Decline_1,Growth&Decline
196.0,Cyclic,Cyclic_No-Trend_Diverging,Oscillation
197.0,Cyclic,Cyclic_Down-Trend_Stable,Oscillation
198.0,Cyclic,Cyclic_No-Trend_Indeterminate,Oscillation
199.0,3,3_0,S-shape_Growth
200.0,Cyclic,Cyclic_Down-Trend_Stable,Oscillation
201.0,3,3_0,Negative_Exponential_Growth
202.0,Growth&Decline,Growth&Decline_1,Growth&Decline
203.0,Linear,Linear_1,Linear_Growth
204.0,Cyclic,Cyclic_Up-Trend_Stable,Oscillation
205.0,Linear,Linear_0,Linear_Growth
206.0,Growth&Decline,Growth&Decline_0,Growth&Decline
207.0,Cyclic,Cyclic_No-Trend_Stable,Oscillation
208.0,3,3_0,Negative_Exponential_Growth
209.0,Cyclic,Cyclic_No-Trend_Dampening,Oscillation
210.0,2,2_0,S-shape_Growth
211.0,2,2_0,Positive_Exponential_Growth
212.0,Cyclic,Cyclic_No-Trend_Stable,Oscillation
213.0,Cyclic,Cyclic_Up-Trend_Dampening,Oscillation
214.0,Cyclic,Cyclic_Down-Trend_Dampening,Oscillation
215.0,Growth&Decline,Growth&Decline_0,Growth&Decline
216.0,2,2_0,Positive_Exponential_Growth
217.0,Growth&Decline,Growth&Decline_0,Growth&Decline
218.0,Growth&Decline,Growth&Decline_1,Growth&Decline
219.0,Growth&Decline,Growth&Decline_0,Growth&Decline
220.0,Growth&Decline,Growth&Decline_0,Growth&Decline
221.0,Cyclic,Cyclic_Up-Trend_Stable,Oscillation
222.0,Cyclic,Cyclic_No-Trend_Diverging,Oscillation
223.0,Growth&Decline,Growth&Decline_1,Growth&Decline
224.0,3,3_0,Negative_Exponential_Growth
225.0,Growth&Decline,Growth&Decline_1,Growth&Decline
226.0,Growth&Decline,Growth&Decline_0,Growth&Decline
227.0,2,2_1,Positive_Exponential_Growth
228.0,Linear,Linear_0,Linear_Growth
229.0,Cyclic,Cyclic_No-Trend_Dampening,Oscillation
230.0,Cyclic,Cyclic_Down-Trend_Stable,Oscillation
231.0,Cyclic,Cyclic_No-Trend_Diverging,Oscillation
232.0,Cyclic,Cyclic_Down-Trend_Diverging,Oscillation
233.0,Growth&Decline,Growth&Decline_1,Growth&Decline
234.0,Growth&Decline,Growth&Decline_0,Growth&Decline
235.0,Growth&Decline,Growth&Decline_0,Growth&Decline
236.0,Cyclic,Cyclic_Down-Trend_Stable,Oscillation
237.0,Growth&Decline,Growth&Decline_1,Growth&Decline
238.0,Linear,Linear_1,Linear_Growth
239.0,2,2_0,Positive_Exponential_Growth
240.0,Linear,Linear_1,Linear_Growth
241.0,2,2_1,Positive_Exponential_Growth
242.0,Growth&Decline,Growth&Decline_0,Growth&Decline
243.0,Cyclic,Cyclic_No-Trend_Stable,Oscillation
244.0,Growth&Decline,Growth&Decline_0,Growth&Decline
245.0,Linear,Linear_1,Linear_Growth
246.0,Linear,Linear_0,Linear_Growth
247.0,1,1_1,Negative_Exponential_Growth
248.0,Cyclic,Cyclic_No-Trend_Dampening,Oscillation
249.0,Growth&Decline,Growth&Decline_1,Growth&Decline
250.0,1,1_0,Negative_Exponential_Growth
251.0,Cyclic,Cyclic_Up-Trend_Diverging,Oscillation
252.0,Linear,Linear_0,Linear_Growth
253.0,Cyclic,Cyclic_Up-Trend_Indeterminate,Oscillation
254.0,2,2_0,Positive_Exponential_Growth
255.0,3,3_0,S-shape_Growth
256.0,3,3_1,S-shape_Growth
257.0,2,2_1,Positive_Exponential_Growth
258.0,Cyclic,Cyclic_Down-Trend_Dampening,Oscillation
259.0,Cyclic,Cyclic_Down-Trend_Indeterminate,Oscillation
260.0,1,1_0,Negative_Exponential_Growth
261.0,Cyclic,Cyclic_No-Trend_Dampening,Oscillation
262.0,Cyclic,Cyclic_No-Trend_Diverging,Oscillation
263.0,Growth&Decline,Growth&Decline_0,Growth&Decline
264.0,Growth&Decline,Growth&Decline_1,Growth&Decline
265.0,3,3_0,Positive_Exponential_Growth
266.0,2,2_1,Positive_Exponential_Growth
267.0,2,2_0,Positive_Exponential_Growth
268.0,Cyclic,Cyclic_Up-Trend_Stable,Oscillation
269.0,3,3_0,S-shape_Growth
270.0,Cyclic,Cyclic_Up-Trend_Diverging,Oscillation
271.0,2,2_0,Positive_Exponential_Growth
272.0,Growth&Decline,Growth&Decline_1,Growth&Decline
273.0,Cyclic,Cyclic_Up-Trend_Dampening,Oscillation
274.0,Linear,Linear_1,Linear_Growth
275.0,Cyclic,Cyclic_Up-Trend_Stable,Oscillation
276.0,Cyclic,Cyclic_Up-Trend_Diverging,Oscillation
277.0,Cyclic,Cyclic_No-Trend_Dampening,Oscillation
278.0,2,2_1,Positive_Exponential_Growth
279.0,1,1_1,Negative_Exponential_Growth
280.0,Linear,Linear_1,Linear_Growth
281.0,Growth&Decline,Growth&Decline_0,Growth&Decline
282.0,2,2_1,Positive_Exponential_Growth
283.0,Cyclic,Cyclic_Up-Trend_Indeterminate,Oscillation
284.0,Cyclic,Cyclic_No-Trend_Dampening,Oscillation
285.0,Cyclic,Cyclic_No-Trend_Stable,Oscillation
286.0,Cyclic,Cyclic_Up-Trend_Stable,Oscillation
287.0,Cyclic,Cyclic_Up-Trend_Dampening,Oscillation
288.0,Cyclic,Cyclic_No-Trend_Dampening,Oscillation
289.0,3,3_0,S-shape_Growth
290.0,3,3_1,S-shape_Growth
291.0,Growth&Decline,Growth&Decline_0,Growth&Decline
292.0,Cyclic,Cyclic_No-Trend_Stable,Oscillation
293.0,Cyclic,Cyclic_Down-Trend_Dampening,Oscillation
294.0,Growth&Decline,Growth&Decline_1,Growth&Decline
295.0,Cyclic,Cyclic_Up-Trend_Stable,Oscillation
296.0,Growth&Decline,Growth&Decline_0,Growth&Decline
297.0,Cyclic,Cyclic_Up-Trend_Dampening,Oscillation
298.0,3,3_1,S-shape_Growth
299.0,Cyclic,Cyclic_No-Trend_Stable,Oscillation
300.0,2,2_1,Positive_Exponential_Growth
301.0,3,3_1,Negative_Exponential_Growth
302.0,3,3_1,S-shape_Growth
303.0,Growth&Decline,Growth&Decline_0,Growth&Decline
304.0,Cyclic,Cyclic_Down-Trend_Indeterminate,Oscillation
305.0,Cyclic,Cyclic_No-Trend_Stable,Oscillation
306.0,Cyclic,Cyclic_Up-Trend_Dampening,Oscillation
307.0,Cyclic,Cyclic_Up-Trend_Stable,Oscillation
308.0,Linear,Linear_0,Linear_Growth
309.0,Cyclic,Cyclic_Down-Trend_Stable,Oscillation
310.0,Linear,Linear_1,Linear_Growth
311.0,Cyclic,Cyclic_No-Trend_Diverging,Oscillation
312.0,Growth&Decline,Growth&Decline_1,Growth&Decline
313.0,Cyclic,Cyclic_Down-Trend_Dampening,Oscillation
314.0,3,3_1,Negative_Exponential_Growth
315.0,Cyclic,Cyclic_No-Trend_Dampening,Oscillation
316.0,3,3_1,Negative_Exponential_Growth
317.0,Growth&Decline,Growth&Decline_0,Growth&Decline
318.0,3,3_1,S-shape_Growth
319.0,Cyclic,Cyclic_No-Trend_Dampening,Oscillation
320.0,Cyclic,Cyclic_No-Trend_Stable,Oscillation
321.0,Linear,Linear_1,Linear_Growth
322.0,Growth&Decline,Growth&Decline_0,Growth&Decline
323.0,3,3_0,Negative_Exponential_Growth
324.0,Cyclic,Cyclic_Up-Trend_Stable,Oscillation
325.0,Cyclic,Cyclic_Up-Trend_Stable,Oscillation
326.0,Growth&Decline,Growth&Decline_1,Growth&Decline
327.0,2,2_0,Positive_Exponential_Growth
328.0,Growth&Decline,Growth&Decline_1,Growth&Decline
329.0,Linear,Linear_0,Linear_Growth
330.0,3,3_0,S-shape_Growth
331.0,Cyclic,Cyclic_Up-Trend_Stable,Oscillation
332.0,Growth&Decline,Growth&Decline_1,Growth&Decline
333.0,3,3_0,S-shape_Growth
334.0,Cyclic,Cyclic_Up-Trend_Dampening,Oscillation
335.0,Cyclic,Cyclic_No-Trend_Stable,Oscillation
336.0,Growth&Decline,Growth&Decline_0,Growth&Decline
337.0,3,3_0,S-shape_Growth
338.0,Cyclic,Cyclic_Up-Trend_Stable,Oscillation
339.0,Cyclic,Cyclic_Down-Trend_Stable,Oscillation
340.0,Cyclic,Cyclic_No-Trend_Stable,Oscillation
341.0,Cyclic,Cyclic_Down-Trend_Diverging,Oscillation
342.0,Growth&Decline,Growth&Decline_1,Growth&Decline
343.0,Growth&Decline,Growth&Decline_0,Growth&Decline
344.0,Cyclic,Cyclic_No-Trend_Dampening,Oscillation
345.0,3,3_1,Negative_Exponential_Growth
346.0,Cyclic,Cyclic_No-Trend_Diverging,Oscillation
347.0,Cyclic,Cyclic_Up-Trend_Stable,Oscillation
348.0,Cyclic,Cyclic_No-Trend_Diverging,Oscillation
349.0,Cyclic,Cyclic_Down-Trend_Dampening,Oscillation
350.0,Cyclic,Cyclic_No-Trend_Stable,Oscillation
351.0,Growth&Decline,Growth&Decline_0,Growth&Decline
352.0,Cyclic,Cyclic_Up-Trend_Dampening,Oscillation
353.0,Cyclic,Cyclic_No-Trend_Stable,Oscillation
354.0,Cyclic,Cyclic_No-Trend_Stable,Oscillation
355.0,Cyclic,Cyclic_Down-Trend_Diverging,Oscillation
356.0,Cyclic,Cyclic_Down-Trend_Indeterminate,Oscillation
357.0,2,2_0,S-shape_Growth
358.0,3,3_0,S-shape_Growth
359.0,Cyclic,Cyclic_Down-Trend_Diverging,Oscillation
360.0,Linear,Linear_0,Linear_Growth
361.0,Cyclic,Cyclic_No-Trend_Stable,Oscillation
362.0,Cyclic,Cyclic_Down-Trend_Diverging,Oscillation
363.0,3,3_1,S-shape_Growth
364.0,Cyclic,Cyclic_Up-Trend_Diverging,Oscillation
365.0,Cyclic,Cyclic_No-Trend_Diverging,Oscillation
366.0,2,2_1,Positive_Exponential_Growth
367.0,Cyclic,Cyclic_Up-Trend_Dampening,Oscillation
368.0,Cyclic,Cyclic_Down-Trend_Stable,Oscillation
369.0,Growth&Decline,Growth&Decline_1,Growth&Decline
370.0,Growth&Decline,Growth&Decline_1,Growth&Decline
371.0,Cyclic,Cyclic_Up-Trend_Indeterminate,Oscillation
372.0,Cyclic,Cyclic_Down-Trend_Stable,Oscillation
373.0,2,2_0,Positive_Exponential_Growth
374.0,Growth&Decline,Growth&Decline_1,Growth&Decline
375.0,1,1_1,Negative_Exponential_Growth
376.0,Growth&Decline,Growth&Decline_0,Growth&Decline
377.0,3,3_1,S-shape_Growth
378.0,Cyclic,Cyclic_No-Trend_Stable,Oscillation
379.0,Growth&Decline,Growth&Decline_0,Growth&Decline
380.0,Cyclic,Cyclic_No-Trend_Stable,Oscillation
381.0,Growth&Decline,Growth&Decline_0,Growth&Decline
382.0,3,3_1,Negative_Exponential_Growth
383.0,Cyclic,Cyclic_No-Trend_Stable,Oscillation
384.0,Cyclic,Cyclic_No-Trend_Dampening,Oscillation
385.0,Cyclic,Cyclic_Up-Trend_Diverging,Oscillation
386.0,3,3_1,S-shape_Growth
387.0,2,2_0,Positive_Exponential_Growth
388.0,1,1_0,Negative_Exponential_Growth
389.0,Cyclic,Cyclic_No-Trend_Stable,Oscillation
390.0,Cyclic,Cyclic_Down-Trend_Stable,Oscillation
391.0,Cyclic,Cyclic_No-Trend_Diverging,Oscillation
392.0,Cyclic,Cyclic_No-Trend_Stable,Oscillation
393.0,2,2_0,Positive_Exponential_Growth
394.0,1,1_0,Negative_Exponential_Growth
395.0,3,3_0,S-shape_Growth
396.0,Growth&Decline,Growth&Decline_0,Growth&Decline
397.0,1,1_0,Negative_Exponential_Growth
398.0,Cyclic,Cyclic_Up-Trend_Diverging,Oscillation
399.0,3,3_1,S-shape_Growth
400.0,3,3_1,Negative_Exponential_Growth
401.0,2,2_1,Positive_Exponential_Growth
402.0,Linear,Linear_1,Linear_Growth
403.0,Cyclic,Cyclic_No-Trend_Stable,Oscillation
404.0,2,2_0,Positive_Exponential_Growth
405.0,3,3_0,Negative_Exponential_Growth
406.0,Cyclic,Cyclic_No-Trend_Diverging,Oscillation
407.0,2,2_1,Positive_Exponential_Growth
408.0,Cyclic,Cyclic_Up-Trend_Dampening,Oscillation
409.0,Linear,Linear_1,Linear_Growth
410.0,1,1_1,Negative_Exponential_Growth
411.0,2,2_1,Positive_Exponential_Growth
412.0,Growth&Decline,Growth&Decline_0,Growth&Decline
413.0,3,3_1,S-shape_Growth
414.0,Growth&Decline,Growth&Decline_0,Growth&Decline
415.0,Growth&Decline,Growth&Decline_1,Growth&Decline
416.0,Cyclic,Cyclic_No-Trend_Diverging,Oscillation
417.0,Growth&Decline,Growth&Decline_1,Growth&Decline
418.0,Cyclic,Cyclic_Up-Trend_Diverging,Oscillation
419.0,Cyclic,Cyclic_Down-Trend_Stable,Oscillation
420.0,Cyclic,Cyclic_Up-Trend_Stable,Oscillation
421.0,1,1_1,Negative_Exponential_Growth
422.0,Cyclic,Cyclic_No-Trend_Dampening,Oscillation
423.0,3,3_0,S-shape_Growth
424.0,Cyclic,Cyclic_No-Trend_Stable,Oscillation
425.0,Cyclic,Cyclic_No-Trend_Stable,Oscillation
426.0,Growth&Decline,Growth&Decline_0,Growth&Decline
427.0,3,3_1,Negative_Exponential_Growth
428.0,Linear,Linear_1,Linear_Growth
429.0,Cyclic,Cyclic_Up-Trend_Stable,Oscillation
430.0,Growth&Decline,Growth&Decline_0,Growth&Decline
431.0,Cyclic,Cyclic_No-Trend_Dampening,Oscillation
432.0,3,3_1,S-shape_Growth
433.0,Growth&Decline,Growth&Decline_0,Growth&Decline
434.0,Growth&Decline,Growth&Decline_0,Growth&Decline
435.0,2,2_0,Positive_Exponential_Growth
436.0,Growth&Decline,Growth&Decline_1,Growth&Decline
437.0,Cyclic,Cyclic_Down-Trend_Dampening,Oscillation
438.0,Growth&Decline,Growth&Decline_0,Growth&Decline
439.0,Cyclic,Cyclic_No-Trend_Dampening,Oscillation
440.0,Linear,Linear_0,Linear_Growth
441.0,Growth&Decline,Growth&Decline_0,Growth&Decline
442.0,Cyclic,Cyclic_No-Trend_Diverging,Oscillation
443.0,2,2_1,Positive_Exponential_Growth
444.0,Cyclic,Cyclic_No-Trend_Dampening,Oscillation
445.0,Cyclic,Cyclic_Up-Trend_Stable,Oscillation
446.0,Growth&Decline,Growth&Decline_1,Growth&Decline
447.0,Cyclic,Cyclic_No-Trend_Indeterminate,Oscillation
448.0,Cyclic,Cyclic_Down-Trend_Indeterminate,Oscillation
449.0,Cyclic,Cyclic_No-Trend_Stable,Oscillation
450.0,Cyclic,Cyclic_Down-Trend_Diverging,Oscillation
451.0,Growth&Decline,Growth&Decline_0,Growth&Decline
452.0,Cyclic,Cyclic_Down-Trend_Diverging,Oscillation
453.0,Growth&Decline,Growth&Decline_0,Growth&Decline
454.0,Cyclic,Cyclic_No-Trend_Indeterminate,Oscillation
455.0,3,3_0,S-shape_Growth
456.0,1,1_1,Negative_Exponential_Growth
457.0,Cyclic,Cyclic_Up-Trend_Stable,Oscillation
458.0,Cyclic,Cyclic_No-Trend_Diverging,Oscillation
459.0,Linear,Linear_1,Linear_Growth
460.0,Growth&Decline,Growth&Decline_0,Growth&Decline
461.0,Linear,Linear_1,Linear_Growth
462.0,2,2_0,Positive_Exponential_Growth
463.0,3,3_0,S-shape_Growth
464.0,Cyclic,Cyclic_No-Trend_Indeterminate,Oscillation
465.0,Growth&Decline,Growth&Decline_1,Growth&Decline
466.0,Cyclic,Cyclic_Up-Trend_Dampening,Oscillation
467.0,Cyclic,Cyclic_No-Trend_Stable,Oscillation
468.0,Cyclic,Cyclic_Down-Trend_Stable,Oscillation
469.0,Linear,Linear_0,Linear_Growth
470.0,Cyclic,Cyclic_No-Trend_Indeterminate,Oscillation
471.0,3,3_0,Negative_Exponential_Growth
472.0,3,3_1,Negative_Exponential_Growth
473.0,Cyclic,Cyclic_No-Trend_Stable,Oscillation
474.0,Cyclic,Cyclic_Up-Trend_Stable,Oscillation
475.0,Growth&Decline,Growth&Decline_0,Growth&Decline
476.0,Cyclic,Cyclic_No-Trend_Dampening,Oscillation
477.0,Cyclic,Cyclic_No-Trend_Dampening,Oscillation
478.0,Growth&Decline,Growth&Decline_1,Growth&Decline
479.0,3,3_0,Negative_Exponential_Growth
480.0,1,1_0,Negative_Exponential_Growth
481.0,Linear,Linear_1,Linear_Growth
482.0,Linear,Linear_0,Linear_Growth
483.0,Cyclic,Cyclic_Down-Trend_Indeterminate,Oscillation
484.0,Growth&Decline,Growth&Decline_0,Growth&Decline
485.0,Cyclic,Cyclic_Up-Trend_Stable,Oscillation
486.0,Cyclic,Cyclic_No-Trend_Stable,Oscillation
487.0,Growth&Decline,Growth&Decline_0,Growth&Decline
488.0,Cyclic,Cyclic_Up-Trend_Stable,Oscillation
489.0,Cyclic,Cyclic_No-Trend_Diverging,Oscillation
490.0,Cyclic,Cyclic_No-Trend_Stable,Oscillation
491.0,Linear,Linear_1,Linear_Growth
492.0,Cyclic,Cyclic_No-Trend_Dampening,Oscillation
493.0,Cyclic,Cyclic_Down-Trend_Diverging,Oscillation
494.0,Linear,Linear_0,Linear_Growth
495.0,Cyclic,Cyclic_Down-Trend_Dampening,Oscillation
496.0,Cyclic,Cyclic_No-Trend_Stable,Oscillation
497.0,Cyclic,Cyclic_No-Trend_Indeterminate,Oscillation
498.0,2,2_0,Positive_Exponential_Growth
499.0,Growth&Decline,Growth&Decline_1,Growth&Decline
500.0,Cyclic,Cyclic_Up-Trend_Dampening,Oscillation
501.0,Growth&Decline,Growth&Decline_1,Growth&Decline
502.0,Growth&Decline,Growth&Decline_0,Growth&Decline
503.0,Linear,Linear_1,Linear_Growth
504.0,Linear,Linear_0,Linear_Growth
505.0,Cyclic,Cyclic_No-Trend_Diverging,Oscillation
506.0,3,3_0,S-shape_Growth
507.0,Cyclic,Cyclic_No-Trend_Stable,Oscillation
508.0,3,3_0,Negative_Exponential_Growth
509.0,Linear,Linear_0,Linear_Growth
510.0,Cyclic,Cyclic_No-Trend_Diverging,Oscillation
511.0,Cyclic,Cyclic_Up-Trend_Stable,Oscillation
512.0,Cyclic,Cyclic_Down-Trend_Stable,Oscillation
513.0,Linear,Linear_0,Linear_Growth
514.0,1,1_1,Negative_Exponential_Growth
515.0,Growth&Decline,Growth&Decline_1,Growth&Decline
516.0,Cyclic,Cyclic_Down-Trend_Dampening,Oscillation
517.0,Cyclic,Cyclic_No-Trend_Diverging,Oscillation
518.0,Growth&Decline,Growth&Decline_1,Growth&Decline
519.0,Cyclic,Cyclic_Up-Trend_Indeterminate,Oscillation
520.0,3,3_1,Negative_Exponential_Growth
521.0,3,3_1,S-shape_Growth
522.0,Growth&Decline,Growth&Decline_0,Growth&Decline
523.0,Cyclic,Cyclic_No-Trend_Diverging,Oscillation
524.0,Growth&Decline,Growth&Decline_1,Growth&Decline
525.0,Cyclic,Cyclic_Down-Trend_Dampening,Oscillation
526.0,Linear,Linear_0,Linear_Growth
527.0,Growth&Decline,Growth&Decline_0,Growth&Decline
528.0,3,3_1,S-shape_Growth
529.0,3,3_1,S-shape_Growth
530.0,Cyclic,Cyclic_Up-Trend_Diverging,Oscillation
531.0,Cyclic,Cyclic_Up-Trend_Stable,Oscillation
532.0,Growth&Decline,Growth&Decline_1,Growth&Decline
533.0,Growth&Decline,Growth&Decline_0,Growth&Decline
534.0,Linear,Linear_1,Linear_Growth
535.0,Cyclic,Cyclic_Up-Trend_Indeterminate,Oscillation
536.0,2,2_0,Positive_Exponential_Growth
537.0,Cyclic,Cyclic_No-Trend_Stable,Oscillation
538.0,Cyclic,Cyclic_No-Trend_Dampening,Oscillation
539.0,Growth&Decline,Growth&Decline_1,Growth&Decline
540.0,Cyclic,Cyclic_No-Trend_Dampening,Oscillation
541.0,Linear,Linear_0,Linear_Growth
542.0,Cyclic,Cyclic_Down-Trend_Indeterminate,Oscillation
543.0,Growth&Decline,Growth&Decline_1,Growth&Decline
544.0,Cyclic,Cyclic_Down-Trend_Stable,Oscillation
545.0,3,3_0,S-shape_Growth
546.0,2,2_1,Positive_Exponential_Growth
547.0,Growth&Decline,Growth&Decline_1,Growth&Decline
548.0,1,1_0,Negative_Exponential_Growth
549.0,Growth&Decline,Growth&Decline_1,Growth&Decline
550.0,Growth&Decline,Growth&Decline_0,Growth&Decline
551.0,1,1_0,Negative_Exponential_Growth
552.0,Linear,Linear_1,Linear_Growth
553.0,Linear,Linear_0,Linear_Growth
554.0,Growth&Decline,Growth&Decline_0,Growth&Decline
555.0,Cyclic,Cyclic_Down-Trend_Stable,Oscillation
556.0,Cyclic,Cyclic_No-Trend_Dampening,Oscillation
557.0,Linear,Linear_0,Linear_Growth
558.0,Cyclic,Cyclic_Up-Trend_Diverging,Oscillation
559.0,Cyclic,Cyclic_Up-Trend_Stable,Oscillation
560.0,Cyclic,Cyclic_No-Trend_Dampening,Oscillation
561.0,2,2_1,Positive_Exponential_Growth
562.0,Cyclic,Cyclic_Up-Trend_Stable,Oscillation
563.0,Growth&Decline,Growth&Decline_1,Growth&Decline
564.0,Growth&Decline,Growth&Decline_0,Growth&Decline
565.0,Cyclic,Cyclic_No-Trend_Dampening,Oscillation
566.0,3,3_1,Negative_Exponential_Growth
567.0,Cyclic,Cyclic_Down-Trend_Stable,Oscillation
568.0,3,3_1,S-shape_Growth
569.0,Cyclic,Cyclic_Down-Trend_Diverging,Oscillation
570.0,Cyclic,Cyclic_No-Trend_Diverging,Oscillation
571.0,Growth&Decline,Growth&Decline_1,Growth&Decline
572.0,Cyclic,Cyclic_Down-Trend_Stable,Oscillation
573.0,Growth&Decline,Growth&Decline_0,Growth&Decline
574.0,2,2_1,Positive_Exponential_Growth
575.0,Growth&Decline,Growth&Decline_1,Growth&Decline
576.0,Cyclic,Cyclic_No-Trend_Stable,Oscillation
577.0,Cyclic,Cyclic_No-Trend_Diverging,Oscillation
578.0,Growth&Decline,Growth&Decline_1,Growth&Decline
579.0,2,2_0,Positive_Exponential_Growth
580.0,Cyclic,Cyclic_Up-Trend_Diverging,Oscillation
581.0,Linear,Linear_1,Linear_Growth
582.0,Growth&Decline,Growth&Decline_0,Growth&Decline
583.0,Growth&Decline,Growth&Decline_1,Growth&Decline
584.0,Growth&Decline,Growth&Decline_1,Growth&Decline
585.0,Growth&Decline,Growth&Decline_1,Growth&Decline
586.0,Growth&Decline,Growth&Decline_0,Growth&Decline
587.0,Growth&Decline,Growth&Decline_0,Growth&Decline
588.0,Growth&Decline,Growth&Decline_1,Growth&Decline
589.0,2,2_1,Positive_Exponential_Growth
590.0,Growth&Decline,Growth&Decline_0,Growth&Decline
591.0,Linear,Linear_1,Linear_Growth
592.0,Growth&Decline,Growth&Decline_1,Growth&Decline
593.0,Cyclic,Cyclic_No-Trend_Diverging,Oscillation
594.0,Growth&Decline,Growth&Decline_0,Growth&Decline
595.0,Growth&Decline,Growth&Decline_0,Growth&Decline
596.0,Growth&Decline,Growth&Decline_0,Growth&Decline
597.0,2,2_0,Positive_Exponential_Growth
598.0,Cyclic,Cyclic_No-Trend_Stable,Oscillation
599.0,3,3_0,S-shape_Growth
600.0,Cyclic,Cyclic_No-Trend_Stable,Oscillation
601.0,Cyclic,Cyclic_Down-Trend_Dampening,Oscillation
602.0,Cyclic,Cyclic_No-Trend_Stable,Oscillation
603.0,1,1_0,Negative_Exponential_Growth
604.0,Cyclic,Cyclic_No-Trend_Dampening,Oscillation
605.0,Linear,Linear_1,Linear_Growth
606.0,Growth&Decline,Growth&Decline_1,Growth&Decline
607.0,Growth&Decline,Growth&Decline_0,Growth&Decline
608.0,Growth&Decline,Growth&Decline_1,Growth&Decline
609.0,Cyclic,Cyclic_No-Trend_Dampening,Oscillation
610.0,Cyclic,Cyclic_No-Trend_Stable,Oscillation
611.0,Growth&Decline,Growth&Decline_0,Growth&Decline
612.0,Growth&Decline,Growth&Decline_0,Growth&Decline
613.0,Growth&Decline,Growth&Decline_1,Growth&Decline
614.0,Cyclic,Cyclic_No-Trend_Dampening,Oscillation
615.0,2,2_0,Positive_Exponential_Growth
616.0,3,3_0,S-shape_Growth
617.0,Growth&Decline,Growth&Decline_1,Growth&Decline
618.0,3,3_1,S-shape_Growth
619.0,Growth&Decline,Growth&Decline_0,Growth&Decline
620.0,Linear,Linear_0,Linear_Growth
621.0,Cyclic,Cyclic_No-Trend_Diverging,Oscillation
622.0,Linear,Linear_1,Linear_Growth
623.0,Cyclic,Cyclic_Down-Trend_Stable,Oscillation
624.0,3,3_0,Negative_Exponential_Growth
625.0,2,2_1,Positive_Exponential_Growth
626.0,Linear,Linear_0,Linear_Growth
627.0,Linear,Linear_0,Linear_Growth
628.0,Cyclic,Cyclic_Up-Trend_Stable,Oscillation
629.0,Cyclic,Cyclic_No-Trend_Stable,Oscillation
630.0,Growth&Decline,Growth&Decline_0,Growth&Decline
631.0,Growth&Decline,Growth&Decline_0,Growth&Decline
632.0,Cyclic,Cyclic_No-Trend_Stable,Oscillation
633.0,Growth&Decline,Growth&Decline_1,Growth&Decline
634.0,Growth&Decline,Growth&Decline_0,Growth&Decline
635.0,Cyclic,Cyclic_No-Trend_Dampening,Oscillation
636.0,2,2_1,Positive_Exponential_Growth
637.0,Growth&Decline,Growth&Decline_0,Growth&Decline
638.0,Cyclic,Cyclic_No-Trend_Dampening,Oscillation
639.0,Growth&Decline,Growth&Decline_1,Growth&Decline
640.0,Linear,Linear_1,Linear_Growth
641.0,Cyclic,Cyclic_No-Trend_Stable,Oscillation
642.0,3,3_0,S-shape_Growth
643.0,2,2_0,Positive_Exponential_Growth
644.0,Cyclic,Cyclic_Up-Trend_Stable,Oscillation
645.0,Linear,Linear_1,Linear_Growth
646.0,Cyclic,Cyclic_Up-Trend_Stable,Oscillation
647.0,Cyclic,Cyclic_Down-Trend_Diverging,Oscillation
648.0,Growth&Decline,Growth&Decline_0,Growth&Decline
649.0,Cyclic,Cyclic_Up-Trend_Stable,Oscillation
650.0,Cyclic,Cyclic_No-Trend_Dampening,Oscillation
651.0,Cyclic,Cyclic_Down-Trend_Stable,Oscillation
652.0,Cyclic,Cyclic_No-Trend_Stable,Oscillation
653.0,Growth&Decline,Growth&Decline_0,Growth&Decline
654.0,Growth&Decline,Growth&Decline_0,Growth&Decline
655.0,Growth&Decline,Growth&Decline_1,Growth&Decline
656.0,3,3_1,Negative_Exponential_Growth
657.0,Growth&Decline,Growth&Decline_0,Growth&Decline
658.0,Cyclic,Cyclic_No-Trend_Dampening,Oscillation
659.0,Growth&Decline,Growth&Decline_0,Growth&Decline
660.0,3,3_1,Negative_Exponential_Growth
661.0,3,3_0,Positive_Exponential_Growth
662.0,Growth&Decline,Growth&Decline_1,Growth&Decline
663.0,Cyclic,Cyclic_No-Trend_Stable,Oscillation
664.0,2,2_1,Positive_Exponential_Growth
665.0,Cyclic,Cyclic_No-Trend_Dampening,Oscillation
666.0,Cyclic,Cyclic_Up-Trend_Indeterminate,Oscillation
667.0,Growth&Decline,Growth&Decline_0,Growth&Decline
668.0,Cyclic,Cyclic_Down-Trend_Dampening,Oscillation
669.0,Growth&Decline,Growth&Decline_1,Growth&Decline
670.0,Cyclic,Cyclic_No-Trend_Diverging,Oscillation
671.0,Linear,Linear_1,Linear_Growth
672.0,3,3_1,S-shape_Growth
673.0,3,3_0,S-shape_Growth
674.0,3,3_1,S-shape_Growth
675.0,Growth&Decline,Growth&Decline_0,Growth&Decline
676.0,1,1_1,Negative_Exponential_Growth
677.0,Cyclic,Cyclic_No-Trend_Diverging,Oscillation
678.0,3,3_1,S-shape_Growth
679.0,2,2_1,Positive_Exponential_Growth
680.0,Cyclic,Cyclic_Up-Trend_Stable,Oscillation
681.0,2,2_0,Positive_Exponential_Growth
682.0,Cyclic,Cyclic_No-Trend_Stable,Oscillation
683.0,3,3_1,S-shape_Growth
684.0,Cyclic,Cyclic_Up-Trend_Stable,Oscillation
685.0,2,2_1,Positive_Exponential_Growth
686.0,2,2_0,Positive_Exponential_Growth
687.0,Linear,Linear_1,Linear_Growth
688.0,Growth&Decline,Growth&Decline_0,Growth&Decline
689.0,1,1_1,Negative_Exponential_Growth
690.0,3,3_1,S-shape_Growth
691.0,Cyclic,Cyclic_No-Trend_Dampening,Oscillation
692.0,3,3_1,Negative_Exponential_Growth
693.0,Growth&Decline,Growth&Decline_0,Growth&Decline
694.0,Cyclic,Cyclic_Up-Trend_Stable,Oscillation
695.0,Cyclic,Cyclic_No-Trend_Stable,Oscillation
696.0,Cyclic,Cyclic_Up-Trend_Indeterminate,Oscillation
697.0,Cyclic,Cyclic_Up-Trend_Diverging,Oscillation
698.0,Growth&Decline,Growth&Decline_0,Growth&Decline
699.0,Growth&Decline,Growth&Decline_1,Growth&Decline
700.0,Growth&Decline,Growth&Decline_0,Growth&Decline
701.0,Cyclic,Cyclic_Up-Trend_Indeterminate,Oscillation
702.0,Cyclic,Cyclic_Up-Trend_Diverging,Oscillation
703.0,Cyclic,Cyclic_Down-Trend_Stable,Oscillation
704.0,Growth&Decline,Growth&Decline_1,Growth&Decline
705.0,Cyclic,Cyclic_Down-Trend_Diverging,Oscillation
706.0,3,3_1,S-shape_Growth
707.0,Cyclic,Cyclic_No-Trend_Stable,Oscillation
708.0,Cyclic,Cyclic_No-Trend_Stable,Oscillation
709.0,1,1_1,Negative_Exponential_Growth
710.0,Growth&Decline,Growth&Decline_0,Growth&Decline
711.0,Linear,Linear_0,Linear_Growth
712.0,Growth&Decline,Growth&Decline_0,Growth&Decline
713.0,Linear,Linear_0,Linear_Growth
714.0,Cyclic,Cyclic_Down-Trend_Stable,Oscillation
715.0,Growth&Decline,Growth&Decline_0,Growth&Decline
716.0,Cyclic,Cyclic_No-Trend_Stable,Oscillation
717.0,1,1_1,Negative_Exponential_Growth
718.0,Cyclic,Cyclic_Down-Trend_Diverging,Oscillation
719.0,Growth&Decline,Growth&Decline_1,Growth&Decline
720.0,Cyclic,Cyclic_Up-Trend_Dampening,Oscillation
721.0,Growth&Decline,Growth&Decline_1,Growth&Decline
722.0,Growth&Decline,Growth&Decline_1,Growth&Decline
723.0,Cyclic,Cyclic_No-Trend_Dampening,Oscillation
724.0,Growth&Decline,Growth&Decline_0,Growth&Decline
725.0,Growth&Decline,Growth&Decline_1,Growth&Decline
726.0,Cyclic,Cyclic_No-Trend_Dampening,Oscillation
727.0,2,2_0,Positive_Exponential_Growth
728.0,Linear,Linear_0,Linear_Growth
729.0,3,3_0,S-shape_Growth
730.0,Cyclic,Cyclic_No-Trend_Indeterminate,Oscillation
731.0,1,1_0,Negative_Exponential_Growth
732.0,Cyclic,Cyclic_No-Trend_Stable,Oscillation
733.0,Cyclic,Cyclic_No-Trend_Stable,Oscillation
734.0,Growth&Decline,Growth&Decline_1,Growth&Decline
735.0,Cyclic,Cyclic_Up-Trend_Diverging,Oscillation
736.0,Linear,Linear_0,Linear_Growth
737.0,Growth&Decline,Growth&Decline_0,Growth&Decline
738.0,Cyclic,Cyclic_No-Trend_Stable,Oscillation
739.0,Cyclic,Cyclic_Up-Trend_Stable,Oscillation
740.0,3,3_0,S-shape_Growth
741.0,Growth&Decline,Growth&Decline_1,Growth&Decline
742.0,3,3_1,Negative_Exponential_Growth
743.0,Growth&Decline,Growth&Decline_0,Growth&Decline
744.0,2,2_1,Positive_Exponential_Growth
745.0,2,2_1,Positive_Exponential_Growth
746.0,Growth&Decline,Growth&Decline_1,Growth&Decline
747.0,Growth&Decline,Growth&Decline_1,Growth&Decline
748.0,Cyclic,Cyclic_No-Trend_Dampening,Oscillation
749.0,Linear,Linear_0,Linear_Growth
750.0,Cyclic,Cyclic_No-Trend_Stable,Oscillation
751.0,Cyclic,Cyclic_Up-Trend_Indeterminate,Oscillation
752.0,Cyclic,Cyclic_No-Trend_Stable,Oscillation
753.0,Linear,Linear_1,Linear_Growth
754.0,Cyclic,Cyclic_Up-Trend_Dampening,Oscillation
755.0,1,1_1,Negative_Exponential_Growth
756.0,Growth&Decline,Growth&Decline_1,Growth&Decline
757.0,2,2_0,Positive_Exponential_Growth
758.0,Cyclic,Cyclic_No-Trend_Dampening,Oscillation
759.0,3,3_1,Negative_Exponential_Growth
760.0,3,3_1,Negative_Exponential_Growth
761.0,1,1_0,Negative_Exponential_Growth
762.0,1,1_0,Negative_Exponential_Growth
763.0,Cyclic,Cyclic_No-Trend_Dampening,Oscillation
764.0,Growth&Decline,Growth&Decline_1,Growth&Decline
765.0,3,3_0,Negative_Exponential_Growth
766.0,Cyclic,Cyclic_Down-Trend_Stable,Oscillation
767.0,Cyclic,Cyclic_No-Trend_Stable,Oscillation
768.0,Growth&Decline,Growth&Decline_0,Growth&Decline
769.0,Cyclic,Cyclic_No-Trend_Dampening,Oscillation
770.0,3,3_1,S-shape_Growth
771.0,2,2_0,Positive_Exponential_Growth
772.0,Cyclic,Cyclic_No-Trend_Dampening,Oscillation
773.0,Growth&Decline,Growth&Decline_0,Growth&Decline
774.0,Growth&Decline,Growth&Decline_0,Growth&Decline
775.0,Cyclic,Cyclic_No-Trend_Stable,Oscillation
776.0,Cyclic,Cyclic_Down-Trend_Diverging,Oscillation
777.0,Cyclic,Cyclic_Down-Trend_Stable,Oscillation
778.0,Growth&Decline,Growth&Decline_0,Growth&Decline
779.0,3,3_1,Negative_Exponential_Growth
780.0,3,3_0,S-shape_Growth
781.0,3,3_0,S-shape_Growth
782.0,Cyclic,Cyclic_Down-Trend_Stable,Oscillation
783.0,Cyclic,Cyclic_No-Trend_Diverging,Oscillation
784.0,Linear,Linear_1,Linear_Growth
785.0,Cyclic,Cyclic_No-Trend_Stable,Oscillation
786.0,Cyclic,Cyclic_No-Trend_Stable,Oscillation
787.0,3,3_0,Negative_Exponential_Growth
788.0,Cyclic,Cyclic_No-Trend_Diverging,Oscillation
789.0,3,3_0,Negative_Exponential_Growth
790.0,Growth&Decline,Growth&Decline_0,Growth&Decline
791.0,Cyclic,Cyclic_No-Trend_Diverging,Oscillation
792.0,2,2_0,Positive_Exponential_Growth
793.0,2,2_0,Positive_Exponential_Growth
794.0,Growth&Decline,Growth&Decline_0,Growth&Decline
795.0,Cyclic,Cyclic_Down-Trend_Diverging,Oscillation
796.0,3,3_1,Negative_Exponential_Growth
797.0,Linear,Linear_1,Linear_Growth
798.0,Cyclic,Cyclic_Down-Trend_Stable,Oscillation
799.0,Growth&Decline,Growth&Decline_0,Growth&Decline
800.0,Cyclic,Cyclic_Down-Trend_Diverging,Oscillation
801.0,Cyclic,Cyclic_Up-Trend_Stable,Oscillation
802.0,1,1_0,Negative_Exponential_Growth
803.0,Growth&Decline,Growth&Decline_1,Growth&Decline
804.0,Growth&Decline,Growth&Decline_0,Growth&Decline
805.0,2,2_1,Positive_Exponential_Growth
806.0,Cyclic,Cyclic_No-Trend_Diverging,Oscillation
807.0,Cyclic,Cyclic_Down-Trend_Diverging,Oscillation
808.0,Cyclic,Cyclic_Down-Trend_Dampening,Oscillation
809.0,Growth&Decline,Growth&Decline_1,Growth&Decline
810.0,2,2_0,Positive_Exponential_Growth
811.0,3,3_1,Negative_Exponential_Growth
812.0,Cyclic,Cyclic_Up-Trend_Diverging,Oscillation
813.0,Cyclic,Cyclic_No-Trend_Stable,Oscillation
814.0,Cyclic,Cyclic_Down-Trend_Dampening,Oscillation
815.0,Cyclic,Cyclic_Down-Trend_Stable,Oscillation
816.0,2,2_1,Positive_Exponential_Growth
817.0,Cyclic,Cyclic_Down-Trend_Indeterminate,Oscillation
818.0,Growth&Decline,Growth&Decline_0,Growth&Decline
819.0,Growth&Decline,Growth&Decline_1,Growth&Decline
820.0,2,2_1,Positive_Exponential_Growth
821.0,3,3_0,Negative_Exponential_Growth
822.0,3,3_0,Positive_Exponential_Growth
823.0,Growth&Decline,Growth&Decline_1,Growth&Decline
824.0,3,3_1,Negative_Exponential_Growth
825.0,Growth&Decline,Growth&Decline_1,Growth&Decline
826.0,Linear,Linear_0,Linear_Growth
827.0,3,3_1,Negative_Exponential_Growth
828.0,3,3_1,S-shape_Growth
829.0,Cyclic,Cyclic_No-Trend_Indeterminate,Oscillation
830.0,Cyclic,Cyclic_Down-Trend_Stable,Oscillation
831.0,Cyclic,Cyclic_Up-Trend_Indeterminate,Oscillation
832.0,Cyclic,Cyclic_Down-Trend_Diverging,Oscillation
833.0,Cyclic,Cyclic_No-Trend_Indeterminate,Oscillation
834.0,3,3_0,S-shape_Growth
835.0,Cyclic,Cyclic_Down-Trend_Dampening,Oscillation
836.0,Cyclic,Cyclic_No-Trend_Stable,Oscillation
837.0,Linear,Linear_1,Linear_Growth
838.0,Linear,Linear_1,Linear_Growth
839.0,Linear,Linear_1,Linear_Growth
840.0,Cyclic,Cyclic_No-Trend_Dampening,Oscillation
841.0,3,3_1,S-shape_Growth
842.0,Cyclic,Cyclic_No-Trend_Stable,Oscillation
843.0,2,2_0,Positive_Exponential_Growth
844.0,Cyclic,Cyclic_No-Trend_Dampening,Oscillation
845.0,2,2_1,Positive_Exponential_Growth
846.0,Cyclic,Cyclic_No-Trend_Stable,Oscillation
847.0,Cyclic,Cyclic_Down-Trend_Stable,Oscillation
848.0,Cyclic,Cyclic_Up-Trend_Indeterminate,Oscillation
849.0,Cyclic,Cyclic_No-Trend_Stable,Oscillation
850.0,3,3_1,Negative_Exponential_Growth
851.0,Cyclic,Cyclic_No-Trend_Stable,Oscillation
852.0,3,3_1,Negative_Exponential_Growth
853.0,Linear,Linear_1,Linear_Growth
854.0,Cyclic,Cyclic_Down-Trend_Diverging,Oscillation
855.0,Cyclic,Cyclic_No-Trend_Diverging,Oscillation
856.0,Growth&Decline,Growth&Decline_1,Growth&Decline
857.0,Cyclic,Cyclic_No-Trend_Indeterminate,Oscillation
858.0,3,3_0,S-shape_Growth
859.0,3,3_1,S-shape_Growth
860.0,Growth&Decline,Growth&Decline_1,Growth&Decline
861.0,Cyclic,Cyclic_No-Trend_Dampening,Oscillation
862.0,Growth&Decline,Growth&Decline_1,Growth&Decline
863.0,Cyclic,Cyclic_Up-Trend_Stable,Oscillation
864.0,Cyclic,Cyclic_Down-Trend_Dampening,Oscillation
865.0,Cyclic,Cyclic_Up-Trend_Diverging,Oscillation
866.0,Growth&Decline,Growth&Decline_1,Growth&Decline
867.0,Cyclic,Cyclic_Up-Trend_Diverging,Oscillation
868.0,3,3_1,S-shape_Growth
869.0,Growth&Decline,Growth&Decline_0,Growth&Decline
870.0,Cyclic,Cyclic_No-Trend_Stable,Oscillation
871.0,Cyclic,Cyclic_Down-Trend_Indeterminate,Oscillation
872.0,Cyclic,Cyclic_No-Trend_Diverging,Oscillation
873.0,Cyclic,Cyclic_No-Trend_Stable,Oscillation
874.0,Cyclic,Cyclic_No-Trend_Indeterminate,Oscillation
875.0,Growth&Decline,Growth&Decline_0,Growth&Decline
876.0,Cyclic,Cyclic_Down-Trend_Stable,Oscillation
877.0,Cyclic,Cyclic_Down-Trend_Dampening,Oscillation
878.0,Linear,Linear_1,Linear_Growth
879.0,Growth&Decline,Growth&Decline_0,Growth&Decline
880.0,Cyclic,Cyclic_No-Trend_Stable,Oscillation
881.0,3,3_1,S-shape_Growth
882.0,Cyclic,Cyclic_No-Trend_Diverging,Oscillation
883.0,3,3_0,S-shape_Growth
884.0,Growth&Decline,Growth&Decline_0,Growth&Decline
885.0,Cyclic,Cyclic_No-Trend_Stable,Oscillation
886.0,Growth&Decline,Growth&Decline_1,Growth&Decline
887.0,3,3_1,S-shape_Growth
888.0,1,1_0,Negative_Exponential_Growth
889.0,Cyclic,Cyclic_Down-Trend_Dampening,Oscillation
890.0,Cyclic,Cyclic_No-Trend_Dampening,Oscillation
891.0,Linear,Linear_1,Linear_Growth
892.0,Cyclic,Cyclic_No-Trend_Stable,Oscillation
893.0,Growth&Decline,Growth&Decline_0,Growth&Decline
894.0,2,2_0,Positive_Exponential_Growth
895.0,2,2_0,Positive_Exponential_Growth
896.0,Cyclic,Cyclic_Up-Trend_Diverging,Oscillation
897.0,Growth&Decline,Growth&Decline_1,Growth&Decline
898.0,3,3_1,S-shape_Growth
899.0,Cyclic,Cyclic_Down-Trend_Stable,Oscillation
900.0,Growth&Decline,Growth&Decline_1,Growth&Decline
901.0,2,2_0,Positive_Exponential_Growth
902.0,2,2_1,Positive_Exponential_Growth
903.0,Growth&Decline,Growth&Decline_1,Growth&Decline
904.0,Growth&Decline,Growth&Decline_0,Growth&Decline
905.0,Growth&Decline,Growth&Decline_0,Growth&Decline
906.0,1,1_0,Negative_Exponential_Growth
907.0,Cyclic,Cyclic_Down-Trend_Dampening,Oscillation
908.0,Growth&Decline,Growth&Decline_0,Growth&Decline
909.0,Growth&Decline,Growth&Decline_1,Growth&Decline
910.0,Cyclic,Cyclic_No-Trend_Stable,Oscillation
911.0,Cyclic,Cyclic_Up-Trend_Stable,Oscillation
912.0,Cyclic,Cyclic_No-Trend_Dampening,Oscillation
913.0,Growth&Decline,Growth&Decline_0,Growth&Decline
914.0,Cyclic,Cyclic_No-Trend_Diverging,Oscillation
915.0,Linear,Linear_0,Linear_Growth
916.0,3,3_1,S-shape_Growth
917.0,Growth&Decline,Growth&Decline_0,Growth&Decline
918.0,Growth&Decline,Growth&Decline_0,Growth&Decline
919.0,Cyclic,Cyclic_Up-Trend_Dampening,Oscillation
920.0,Growth&Decline,Growth&Decline_0,Growth&Decline
921.0,Cyclic,Cyclic_Down-Trend_Stable,Oscillation
922.0,Growth&Decline,Growth&Decline_0,Growth&Decline
923.0,2,2_0,Positive_Exponential_Growth
924.0,Cyclic,Cyclic_Up-Trend_Stable,Oscillation
925.0,Growth&Decline,Growth&Decline_0,Growth&Decline
926.0,Cyclic,Cyclic_No-Trend_Stable,Oscillation
927.0,Cyclic,Cyclic_No-Trend_Stable,Oscillation
928.0,Cyclic,Cyclic_No-Trend_Dampening,Oscillation
929.0,Cyclic,Cyclic_Down-Trend_Stable,Oscillation
930.0,Cyclic,Cyclic_Down-Trend_Diverging,Oscillation
931.0,3,3_0,Negative_Exponential_Growth
932.0,Cyclic,Cyclic_Down-Trend_Dampening,Oscillation
933.0,Cyclic,Cyclic_Up-Trend_Stable,Oscillation
934.0,3,3_0,S-shape_Growth
935.0,Cyclic,Cyclic_No-Trend_Stable,Oscillation
936.0,3,3_1,Negative_Exponential_Growth
937.0,Cyclic,Cyclic_No-Trend_Indeterminate,Oscillation
938.0,Cyclic,Cyclic_No-Trend_Indeterminate,Oscillation
939.0,Growth&Decline,Growth&Decline_0,Growth&Decline
940.0,Cyclic,Cyclic_No-Trend_Indeterminate,Oscillation
941.0,Cyclic,Cyclic_Down-Trend_Diverging,Oscillation
942.0,Linear,Linear_0,Linear_Growth
943.0,Cyclic,Cyclic_No-Trend_Stable,Oscillation
944.0,Cyclic,Cyclic_No-Trend_Indeterminate,Oscillation
945.0,Growth&Decline,Growth&Decline_0,Growth&Decline
946.0,Growth&Decline,Growth&Decline_1,Growth&Decline
947.0,Cyclic,Cyclic_Down-Trend_Stable,Oscillation
948.0,Linear,Linear_0,Linear_Growth
949.0,1,1_0,Negative_Exponential_Growth
950.0,Growth&Decline,Growth&Decline_0,Growth&Decline
951.0,1,1_1,Negative_Exponential_Growth
952.0,Growth&Decline,Growth&Decline_0,Growth&Decline
953.0,Cyclic,Cyclic_No-Trend_Dampening,Oscillation
954.0,Growth&Decline,Growth&Decline_0,Growth&Decline
955.0,Cyclic,Cyclic_No-Trend_Diverging,Oscillation
956.0,Cyclic,Cyclic_Down-Trend_Stable,Oscillation
957.0,Cyclic,Cyclic_No-Trend_Diverging,Oscillation
958.0,Linear,Linear_0,Linear_Growth
959.0,2,2_0,Positive_Exponential_Growth
960.0,Cyclic,Cyclic_No-Trend_Stable,Oscillation
961.0,Growth&Decline,Growth&Decline_1,Growth&Decline
962.0,Cyclic,Cyclic_Down-Trend_Dampening,Oscillation
963.0,Cyclic,Cyclic_Down-Trend_Dampening,Oscillation
964.0,Cyclic,Cyclic_Up-Trend_Indeterminate,Oscillation
965.0,Linear,Linear_0,Linear_Growth
966.0,2,2_1,Positive_Exponential_Growth
967.0,Growth&Decline,Growth&Decline_1,Growth&Decline
968.0,Linear,Linear_0,Linear_Growth
969.0,Growth&Decline,Growth&Decline_1,Growth&Decline
970.0,Cyclic,Cyclic_No-Trend_Stable,Oscillation
971.0,Growth&Decline,Growth&Decline_0,Growth&Decline
972.0,Cyclic,Cyclic_Up-Trend_Stable,Oscillation
973.0,Growth&Decline,Growth&Decline_0,Growth&Decline
974.0,Cyclic,Cyclic_No-Trend_Diverging,Oscillation
975.0,Cyclic,Cyclic_Up-Trend_Stable,Oscillation
976.0,Cyclic,Cyclic_No-Trend_Dampening,Oscillation
977.0,Growth&Decline,Growth&Decline_1,Growth&Decline
978.0,Growth&Decline,Growth&Decline_0,Growth&Decline
979.0,Growth&Decline,Growth&Decline_1,Growth&Decline
980.0,Cyclic,Cyclic_No-Trend_Stable,Oscillation
981.0,Cyclic,Cyclic_Down-Trend_Dampening,Oscillation
982.0,1,1_0,Negative_Exponential_Growth
983.0,Linear,Linear_1,Linear_Growth
984.0,3,3_1,S-shape_Growth
985.0,Growth&Decline,Growth&Decline_1,Growth&Decline
986.0,Growth&Decline,Growth&Decline_0,Growth&Decline
987.0,Growth&Decline,Growth&Decline_1,Growth&Decline
988.0,Growth&Decline,Growth&Decline_0,Growth&Decline
989.0,Cyclic,Cyclic_No-Trend_Stable,Oscillation
990.0,Cyclic,Cyclic_No-Trend_Dampening,Oscillation
991.0,Growth&Decline,Growth&Decline_0,Growth&Decline
992.0,Cyclic,Cyclic_Up-Trend_Stable,Oscillation
993.0,3,3_0,S-shape_Growth
994.0,3,3_1,Negative_Exponential_Growth
995.0,Growth&Decline,Growth&Decline_1,Growth&Decline
996.0,2,2_0,Positive_Exponential_Growth
997.0,3,3_0,Positive_Exponential_Growth
998.0,Growth&Decline,Growth&Decline_0,Growth&Decline
999.0,Cyclic,Cyclic_No-Trend_Stable,Oscillation
1000.0,Cyclic,Cyclic_Down-Trend_Stable,Oscillation
1001.0,Growth&Decline,Growth&Decline_1,Growth&Decline
1002.0,Cyclic,Cyclic_No-Trend_Dampening,Oscillation
1003.0,Cyclic,Cyclic_No-Trend_Diverging,Oscillation
1004.0,Growth&Decline,Growth&Decline_1,Growth&Decline
1005.0,3,3_0,S-shape_Growth
1006.0,Linear,Linear_0,Linear_Growth
1007.0,2,2_0,Positive_Exponential_Growth
1008.0,Cyclic,Cyclic_No-Trend_Diverging,Oscillation
1009.0,Growth&Decline,Growth&Decline_1,Growth&Decline
1010.0,Cyclic,Cyclic_Down-Trend_Stable,Oscillation
1011.0,Cyclic,Cyclic_Up-Trend_Stable,Oscillation
1012.0,2,2_0,Positive_Exponential_Growth
1013.0,Cyclic,Cyclic_Up-Trend_Diverging,Oscillation
1014.0,Growth&Decline,Growth&Decline_0,Growth&Decline
1015.0,Growth&Decline,Growth&Decline_1,Growth&Decline
1016.0,Cyclic,Cyclic_Down-Trend_Dampening,Oscillation
1017.0,Cyclic,Cyclic_No-Trend_Stable,Oscillation
1018.0,2,2_1,Positive_Exponential_Growth
1019.0,3,3_0,S-shape_Growth
1020.0,3,3_1,S-shape_Growth
1021.0,Cyclic,Cyclic_No-Trend_Dampening,Oscillation
1022.0,Cyclic,Cyclic_Down-Trend_Dampening,Oscillation
1023.0,2,2_0,Positive_Exponential_Growth
1024.0,Cyclic,Cyclic_Up-Trend_Diverging,Oscillation
1025.0,Cyclic,Cyclic_No-Trend_Stable,Oscillation
1026.0,1,1_0,Negative_Exponential_Growth
1027.0,Cyclic,Cyclic_Down-Trend_Dampening,Oscillation
1028.0,Cyclic,Cyclic_No-Trend_Indeterminate,Oscillation
1029.0,Cyclic,Cyclic_No-Trend_Diverging,Oscillation
1030.0,Growth&Decline,Growth&Decline_1,Growth&Decline
1031.0,Growth&Decline,Growth&Decline_0,Growth&Decline
1032.0,Cyclic,Cyclic_Up-Trend_Stable,Oscillation
1033.0,Growth&Decline,Growth&Decline_1,Growth&Decline
1034.0,Growth&Decline,Growth&Decline_1,Growth&Decline
1035.0,Growth&Decline,Growth&Decline_1,Growth&Decline
1036.0,Growth&Decline,Growth&Decline_1,Growth&Decline
1037.0,Growth&Decline,Growth&Decline_1,Growth&Decline
1038.0,Cyclic,Cyclic_No-Trend_Dampening,Oscillation
1039.0,Linear,Linear_0,Linear_Growth
1040.0,3,3_0,Negative_Exponential_Growth
1041.0,1,1_0,Negative_Exponential_Growth
1042.0,1,1_1,Negative_Exponential_Growth
1043.0,1,1_0,Negative_Exponential_Growth
1044.0,3,3_1,S-shape_Growth
1045.0,Cyclic,Cyclic_No-Trend_Stable,Oscillation
1046.0,Cyclic,Cyclic_No-Trend_Stable,Oscillation
1047.0,3,3_1,Negative_Exponential_Growth
1048.0,2,2_0,Positive_Exponential_Growth
1049.0,Cyclic,Cyclic_Up-Trend_Indeterminate,Oscillation
1050.0,Cyclic,Cyclic_Down-Trend_Diverging,Oscillation
1051.0,Cyclic,Cyclic_Up-Trend_Indeterminate,Oscillation
1052.0,Cyclic,Cyclic_No-Trend_Indeterminate,Oscillation
1053.0,3,3_1,Negative_Exponential_Growth
1054.0,Linear,Linear_0,Linear_Growth
1055.0,Cyclic,Cyclic_No-Trend_Stable,Oscillation
1056.0,Growth&Decline,Growth&Decline_0,Growth&Decline
1057.0,Growth&Decline,Growth&Decline_0,Growth&Decline
1058.0,Cyclic,Cyclic_Up-Trend_Stable,Oscillation
1059.0,Cyclic,Cyclic_No-Trend_Diverging,Oscillation
1060.0,3,3_1,S-shape_Growth
1061.0,2,2_0,Positive_Exponential_Growth
1062.0,Growth&Decline,Growth&Decline_1,Growth&Decline
1063.0,3,3_1,Negative_Exponential_Growth
1064.0,Growth&Decline,Growth&Decline_1,Growth&Decline
1065.0,3,3_0,Negative_Exponential_Growth
1066.0,Growth&Decline,Growth&Decline_1,Growth&Decline
1067.0,Cyclic,Cyclic_Up-Trend_Stable,Oscillation
1068.0,2,2_0,Positive_Exponential_Growth
1069.0,2,2_1,Positive_Exponential_Growth
1070.0,Cyclic,Cyclic_No-Trend_Dampening,Oscillation
1071.0,Cyclic,Cyclic_No-Trend_Stable,Oscillation
1072.0,Growth&Decline,Growth&Decline_0,Growth&Decline
1073.0,Cyclic,Cyclic_Down-Trend_Diverging,Oscillation
1074.0,3,3_1,S-shape_Growth
1075.0,Cyclic,Cyclic_Up-Trend_Dampening,Oscillation
1076.0,3,3_1,Negative_Exponential_Growth
1077.0,Cyclic,Cyclic_No-Trend_Diverging,Oscillation
1078.0,Cyclic,Cyclic_No-Trend_Stable,Oscillation
1079.0,Growth&Decline,Growth&Decline_1,Growth&Decline
1080.0,2,2_1,Positive_Exponential_Growth
1081.0,3,3_1,S-shape_Growth
1082.0,Growth&Decline,Growth&Decline_0,Growth&Decline
1083.0,Growth&Decline,Growth&Decline_0,Growth&Decline
1084.0,Growth&Decline,Growth&Decline_1,Growth&Decline
1085.0,1,1_1,Negative_Exponential_Growth
1086.0,Linear,Linear_0,Linear_Growth
1087.0,Growth&Decline,Growth&Decline_0,Growth&Decline
1088.0,Cyclic,Cyclic_Up-Trend_Dampening,Oscillation
1089.0,Cyclic,Cyclic_No-Trend_Diverging,Oscillation
1090.0,Cyclic,Cyclic_Up-Trend_Dampening,Oscillation
1091.0,Growth&Decline,Growth&Decline_1,Growth&Decline
1092.0,3,3_1,S-shape_Growth
1093.0,2,2_0,Positive_Exponential_Growth
1094.0,Cyclic,Cyclic_Down-Trend_Indeterminate,Oscillation
1095.0,Growth&Decline,Growth&Decline_0,Growth&Decline
1096.0,Cyclic,Cyclic_No-Trend_Dampening,Oscillation
1097.0,1,1_1,Negative_Exponential_Growth
1098.0,Cyclic,Cyclic_No-Trend_Diverging,Oscillation
1099.0,Cyclic,Cyclic_No-Trend_Dampening,Oscillation
1100.0,Cyclic,Cyclic_Up-Trend_Diverging,Oscillation
1101.0,Cyclic,Cyclic_Up-Trend_Stable,Oscillation
1102.0,Cyclic,Cyclic_No-Trend_Stable,Oscillation
1103.0,Cyclic,Cyclic_Up-Trend_Dampening,Oscillation
1104.0,2,2_0,Positive_Exponential_Growth
1105.0,2,2_1,Positive_Exponential_Growth
1106.0,2,2_0,Positive_Exponential_Growth
1107.0,Growth&Decline,Growth&Decline_0,Growth&Decline
1108.0,Growth&Decline,Growth&Decline_0,Growth&Decline
1109.0,Growth&Decline,Growth&Decline_0,Growth&Decline
1110.0,Cyclic,Cyclic_Down-Trend_Dampening,Oscillation
1111.0,Cyclic,Cyclic_Down-Trend_Stable,Oscillation
1112.0,Linear,Linear_0,Linear_Growth
1113.0,3,3_0,S-shape_Growth
1114.0,Linear,Linear_1,Linear_Growth
1115.0,Growth&Decline,Growth&Decline_0,Growth&Decline
1116.0,Cyclic,Cyclic_Down-Trend_Dampening,Oscillation
1117.0,Cyclic,Cyclic_No-Trend_Dampening,Oscillation
1118.0,Cyclic,Cyclic_No-Trend_Dampening,Oscillation
1119.0,2,2_0,Positive_Exponential_Growth
1120.0,Cyclic,Cyclic_No-Trend_Stable,Oscillation
1121.0,Growth&Decline,Growth&Decline_1,Growth&Decline
1122.0,2,2_1,Positive_Exponential_Growth
1123.0,3,3_0,S-shape_Growth
1124.0,2,2_1,Positive_Exponential_Growth
1125.0,Linear,Linear_1,Linear_Growth
1126.0,2,2_1,Positive_Exponential_Growth
1127.0,Linear,Linear_0,Linear_Growth
1128.0,Cyclic,Cyclic_Up-Trend_Indeterminate,Oscillation
1129.0,2,2_0,Positive_Exponential_Growth
1130.0,Cyclic,Cyclic_No-Trend_Dampening,Oscillation
1131.0,2,2_1,Positive_Exponential_Growth
1132.0,Cyclic,Cyclic_No-Trend_Stable,Oscillation
1133.0,Cyclic,Cyclic_Up-Trend_Dampening,Oscillation
1134.0,Cyclic,Cyclic_No-Trend_Indeterminate,Oscillation
1135.0,Cyclic,Cyclic_Up-Trend_Stable,Oscillation
1136.0,Growth&Decline,Growth&Decline_0,Growth&Decline
1137.0,Cyclic,Cyclic_Down-Trend_Stable,Oscillation
1138.0,3,3_1,Negative_Exponential_Growth
1139.0,Growth&Decline,Growth&Decline_0,Growth&Decline
1140.0,3,3_0,S-shape_Growth
1141.0,Growth&Decline,Growth&Decline_0,Growth&Decline
1142.0,Cyclic,Cyclic_No-Trend_Dampening,Oscillation
1143.0,Cyclic,Cyclic_No-Trend_Diverging,Oscillation
1144.0,Growth&Decline,Growth&Decline_0,Growth&Decline
1145.0,Cyclic,Cyclic_Down-Trend_Dampening,Oscillation
1146.0,Linear,Linear_0,Linear_Growth
1147.0,Cyclic,Cyclic_Down-Trend_Diverging,Oscillation
1148.0,Cyclic,Cyclic_Down-Trend_Stable,Oscillation
1149.0,Cyclic,Cyclic_No-Trend_Indeterminate,Oscillation
1150.0,Cyclic,Cyclic_Down-Trend_Stable,Oscillation
1151.0,Growth&Decline,Growth&Decline_1,Growth&Decline
1152.0,Cyclic,Cyclic_Up-Trend_Diverging,Oscillation
1153.0,Cyclic,Cyclic_Down-Trend_Stable,Oscillation
1154.0,Cyclic,Cyclic_No-Trend_Stable,Oscillation
1155.0,Cyclic,Cyclic_Up-Trend_Diverging,Oscillation
1156.0,2,2_0,Positive_Exponential_Growth
1157.0,Cyclic,Cyclic_Down-Trend_Diverging,Oscillation
1158.0,2,2_1,Positive_Exponential_Growth
1159.0,1,1_1,Negative_Exponential_Growth
1160.0,Growth&Decline,Growth&Decline_1,Growth&Decline
1161.0,2,2_1,Positive_Exponential_Growth
1162.0,Linear,Linear_0,Linear_Growth
1163.0,Cyclic,Cyclic_Down-Trend_Diverging,Oscillation
1164.0,Cyclic,Cyclic_Up-Trend_Stable,Oscillation
1165.0,Cyclic,Cyclic_No-Trend_Diverging,Oscillation
1166.0,3,3_0,S-shape_Growth
1167.0,3,3_1,Negative_Exponential_Growth
1168.0,Cyclic,Cyclic_No-Trend_Stable,Oscillation
1169.0,Growth&Decline,Growth&Decline_0,Growth&Decline
1170.0,Cyclic,Cyclic_No-Trend_Diverging,Oscillation
1171.0,Cyclic,Cyclic_Up-Trend_Dampening,Oscillation
1172.0,Cyclic,Cyclic_No-Trend_Stable,Oscillation
1173.0,2,2_0,S-shape_Growth
1174.0,3,3_1,Negative_Exponential_Growth
1175.0,Growth&Decline,Growth&Decline_0,Growth&Decline
1176.0,Cyclic,Cyclic_No-Trend_Dampening,Oscillation
1177.0,Cyclic,Cyclic_No-Trend_Dampening,Oscillation
1178.0,1,1_1,Negative_Exponential_Growth
1179.0,Cyclic,Cyclic_No-Trend_Stable,Oscillation
1180.0,3,3_1,Negative_Exponential_Growth
1181.0,Linear,Linear_0,Linear_Growth
1182.0,Growth&Decline,Growth&Decline_1,Growth&Decline
1183.0,Cyclic,Cyclic_No-Trend_Stable,Oscillation
1184.0,Cyclic,Cyclic_Up-Trend_Diverging,Oscillation
1185.0,2,2_1,Positive_Exponential_Growth
1186.0,Growth&Decline,Growth&Decline_1,Growth&Decline
1187.0,Cyclic,Cyclic_No-Trend_Diverging,Oscillation
1188.0,3,3_0,Negative_Exponential_Growth
1189.0,3,3_1,S-shape_Growth
1190.0,Cyclic,Cyclic_No-Trend_Stable,Oscillation
1191.0,3,3_1,Negative_Exponential_Growth
1192.0,Cyclic,Cyclic_No-Trend_Stable,Oscillation
1193.0,Growth&Decline,Growth&Decline_0,Growth&Decline
1194.0,1,1_1,Negative_Exponential_Growth
1195.0,3,3_0,Negative_Exponential_Growth
1196.0,Linear,Linear_0,Linear_Growth
1197.0,Cyclic,Cyclic_No-Trend_Indeterminate,Oscillation
1198.0,2,2_0,Positive_Exponential_Growth
1199.0,1,1_1,Negative_Exponential_Growth
1200.0,2,2_1,Positive_Exponential_Growth
1201.0,3,3_0,Negative_Exponential_Growth
1202.0,Cyclic,Cyclic_No-Trend_Stable,Oscillation
1203.0,Growth&Decline,Growth&Decline_0,Growth&Decline
1204.0,Growth&Decline,Growth&Decline_1,Growth&Decline
1205.0,Cyclic,Cyclic_Up-Trend_Stable,Oscillation
1206.0,Cyclic,Cyclic_Down-Trend_Dampening,Oscillation
1207.0,Cyclic,Cyclic_No-Trend_Stable,Oscillation
1208.0,1,1_1,Negative_Exponential_Growth
1209.0,Cyclic,Cyclic_Down-Trend_Diverging,Oscillation
1210.0,3,3_0,S-shape_Growth
1211.0,Cyclic,Cyclic_No-Trend_Stable,Oscillation
1212.0,Cyclic,Cyclic_No-Trend_Diverging,Oscillation
1213.0,Cyclic,Cyclic_No-Trend_Indeterminate,Oscillation
1214.0,Cyclic,Cyclic_No-Trend_Dampening,Oscillation
1215.0,1,1_1,Negative_Exponential_Growth
1216.0,1,1_0,Negative_Exponential_Growth
1217.0,Growth&Decline,Growth&Decline_0,Growth&Decline
1218.0,Cyclic,Cyclic_No-Trend_Stable,Oscillation
1219.0,Cyclic,Cyclic_No-Trend_Dampening,Oscillation
1220.0,Growth&Decline,Growth&Decline_0,Growth&Decline
1221.0,3,3_1,S-shape_Growth
1222.0,Growth&Decline,Growth&Decline_0,Growth&Decline
1223.0,Linear,Linear_1,Linear_Growth
1224.0,Cyclic,Cyclic_Down-Trend_Stable,Oscillation
1225.0,3,3_0,Positive_Exponential_Growth
1226.0,Cyclic,Cyclic_Down-Trend_Diverging,Oscillation
1227.0,3,3_0,S-shape_Growth
1228.0,2,2_0,Positive_Exponential_Growth
1229.0,Linear,Linear_1,Linear_Growth
1230.0,Cyclic,Cyclic_Up-Trend_Stable,Oscillation
1231.0,Growth&Decline,Growth&Decline_1,Growth&Decline
1232.0,Linear,Linear_1,Linear_Growth
1233.0,3,3_0,S-shape_Growth
1234.0,Cyclic,Cyclic_No-Trend_Diverging,Oscillation
1235.0,Cyclic,Cyclic_No-Trend_Stable,Oscillation
1236.0,1,1_1,Negative_Exponential_Growth
1237.0,Cyclic,Cyclic_Down-Trend_Stable,Oscillation
1238.0,3,3_0,Negative_Exponential_Growth
1239.0,Cyclic,Cyclic_No-Trend_Stable,Oscillation
1240.0,Linear,Linear_0,Linear_Growth
1241.0,1,1_1,Negative_Exponential_Growth
1242.0,2,2_0,Positive_Exponential_Growth
1243.0,Cyclic,Cyclic_No-Trend_Stable,Oscillation
1244.0,Growth&Decline,Growth&Decline_0,Growth&Decline
1245.0,Cyclic,Cyclic_Down-Trend_Dampening,Oscillation
1246.0,Cyclic,Cyclic_Up-Trend_Indeterminate,Oscillation
1247.0,Cyclic,Cyclic_No-Trend_Stable,Oscillation
1248.0,Linear,Linear_0,Linear_Growth
1249.0,Cyclic,Cyclic_No-Trend_Stable,Oscillation
1250.0,Cyclic,Cyclic_No-Trend_Stable,Oscillation
1251.0,Growth&Decline,Growth&Decline_1,Growth&Decline
1252.0,3,3_0,S-shape_Growth
1253.0,Growth&Decline,Growth&Decline_0,Growth&Decline
1254.0,Cyclic,Cyclic_Down-Trend_Diverging,Oscillation
1255.0,Cyclic,Cyclic_No-Trend_Diverging,Oscillation
1256.0,Cyclic,Cyclic_Up-Trend_Dampening,Oscillation
1257.0,Cyclic,Cyclic_Down-Trend_Stable,Oscillation
1258.0,Cyclic,Cyclic_Up-Trend_Dampening,Oscillation
1259.0,Cyclic,Cyclic_No-Trend_Diverging,Oscillation
1260.0,Growth&Decline,Growth&Decline_0,Growth&Decline
1261.0,Cyclic,Cyclic_Up-Trend_Dampening,Oscillation
1262.0,Cyclic,Cyclic_Down-Trend_Stable,Oscillation
1263.0,Growth&Decline,Growth&Decline_1,Growth&Decline
1264.0,Cyclic,Cyclic_No-Trend_Indeterminate,Oscillation
1265.0,Cyclic,Cyclic_Down-Trend_Stable,Oscillation
1266.0,2,2_0,Positive_Exponential_Growth
1267.0,Growth&Decline,Growth&Decline_1,Growth&Decline
1268.0,1,1_0,Negative_Exponential_Growth
1269.0,Growth&Decline,Growth&Decline_0,Growth&Decline
1270.0,Cyclic,Cyclic_No-Trend_Diverging,Oscillation
1271.0,3,3_1,Negative_Exponential_Growth
1272.0,Growth&Decline,Growth&Decline_0,Growth&Decline
1273.0,Growth&Decline,Growth&Decline_0,Growth&Decline
1274.0,Growth&Decline,Growth&Decline_0,Growth&Decline
1275.0,Growth&Decline,Growth&Decline_1,Growth&Decline
1276.0,3,3_1,S-shape_Growth
1277.0,Linear,Linear_0,Linear_Growth
1278.0,Cyclic,Cyclic_Down-Trend_Stable,Oscillation
1279.0,3,3_1,S-shape_Growth
1280.0,Cyclic,Cyclic_Down-Trend_Indeterminate,Oscillation
1281.0,Linear,Linear_0,Linear_Growth
1282.0,Growth&Decline,Growth&Decline_0,Growth&Decline
1283.0,Linear,Linear_1,Linear_Growth
1284.0,Linear,Linear_0,Linear_Growth
1285.0,Cyclic,Cyclic_No-Trend_Diverging,Oscillation
1286.0,Growth&Decline,Growth&Decline_0,Growth&Decline
1287.0,Cyclic,Cyclic_No-Trend_Dampening,Oscillation
1288.0,Cyclic,Cyclic_Down-Trend_Dampening,Oscillation
1289.0,Growth&Decline,Growth&Decline_1,Growth&Decline
1290.0,Growth&Decline,Growth&Decline_1,Growth&Decline
1291.0,1,1_1,Negative_Exponential_Growth
1292.0,3,3_1,Positive_Exponential_Growth
1293.0,Linear,Linear_1,Linear_Growth
1294.0,Cyclic,Cyclic_Down-Trend_Stable,Oscillation
1295.0,Cyclic,Cyclic_No-Trend_Indeterminate,Oscillation
1296.0,Growth&Decline,Growth&Decline_0,Growth&Decline
1297.0,Cyclic,Cyclic_Up-Trend_Stable,Oscillation
1298.0,Cyclic,Cyclic_No-Trend_Stable,Oscillation
1299.0,Growth&Decline,Growth&Decline_0,Growth&Decline
1300.0,Growth&Decline,Growth&Decline_1,Growth&Decline
1301.0,Growth&Decline,Growth&Decline_0,Growth&Decline
1302.0,Cyclic,Cyclic_Up-Trend_Stable,Oscillation
1303.0,Growth&Decline,Growth&Decline_0,Growth&Decline
1304.0,Cyclic,Cyclic_No-Trend_Stable,Oscillation
1305.0,Growth&Decline,Growth&Decline_1,Growth&Decline
1306.0,2,2_0,Positive_Exponential_Growth
1307.0,Cyclic,Cyclic_Up-Trend_Indeterminate,Oscillation
1308.0,Growth&Decline,Growth&Decline_0,Growth&Decline
1309.0,Cyclic,Cyclic_Up-Trend_Indeterminate,Oscillation
1310.0,Cyclic,Cyclic_Up-Trend_Diverging,Oscillation
1311.0,2,2_1,Positive_Exponential_Growth
1312.0,Growth&Decline,Growth&Decline_0,Growth&Decline
1313.0,Growth&Decline,Growth&Decline_0,Growth&Decline
1314.0,3,3_1,Negative_Exponential_Growth
1315.0,2,2_0,Positive_Exponential_Growth
1316.0,Cyclic,Cyclic_No-Trend_Stable,Oscillation
1317.0,Cyclic,Cyclic_No-Trend_Stable,Oscillation
1318.0,Growth&Decline,Growth&Decline_1,Growth&Decline
1319.0,Cyclic,Cyclic_Down-Trend_Stable,Oscillation
1320.0,Cyclic,Cyclic_Up-Trend_Stable,Oscillation
1321.0,Growth&Decline,Growth&Decline_1,Growth&Decline
1322.0,Cyclic,Cyclic_Up-Trend_Stable,Oscillation
1323.0,Linear,Linear_0,Linear_Growth
1324.0,Cyclic,Cyclic_Up-Trend_Dampening,Oscillation
1325.0,3,3_1,S-shape_Growth
1326.0,Linear,Linear_0,Linear_Growth
1327.0,3,3_1,S-shape_Growth
1328.0,3,3_1,Negative_Exponential_Growth
1329.0,Cyclic,Cyclic_Down-Trend_Diverging,Oscillation
1330.0,3,3_1,Negative_Exponential_Growth
1331.0,Growth&Decline,Growth&Decline_0,Growth&Decline
1332.0,3,3_1,S-shape_Growth
1333.0,Growth&Decline,Growth&Decline_1,Growth&Decline
1334.0,3,3_0,Negative_Exponential_Growth
1335.0,Growth&Decline,Growth&Decline_0,Growth&Decline
1336.0,Growth&Decline,Growth&Decline_1,Growth&Decline
1337.0,Cyclic,Cyclic_Down-Trend_Diverging,Oscillation
1338.0,2,2_0,Positive_Exponential_Growth
1339.0,Linear,Linear_0,Linear_Growth
1340.0,3,3_1,S-shape_Growth
1341.0,Cyclic,Cyclic_Up-Trend_Stable,Oscillation
1342.0,Growth&Decline,Growth&Decline_1,Growth&Decline
1343.0,Growth&Decline,Growth&Decline_1,Growth&Decline
1344.0,3,3_0,Positive_Exponential_Growth
1345.0,Growth&Decline,Growth&Decline_0,Growth&Decline
1346.0,Linear,Linear_1,Linear_Growth
1347.0,Cyclic,Cyclic_Down-Trend_Diverging,Oscillation
1348.0,Growth&Decline,Growth&Decline_1,Growth&Decline
1349.0,Linear,Linear_1,Linear_Growth
1350.0,Growth&Decline,Growth&Decline_0,Growth&Decline
1351.0,3,3_0,Positive_Exponential_Growth
1352.0,Linear,Linear_1,Linear_Growth
1353.0,Cyclic,Cyclic_Down-Trend_Diverging,Oscillation
1354.0,Cyclic,Cyclic_Down-Trend_Dampening,Oscillation
1355.0,1,1_1,Negative_Exponential_Growth
1356.0,Cyclic,Cyclic_No-Trend_Indeterminate,Oscillation
1357.0,Cyclic,Cyclic_Down-Trend_Stable,Oscillation
1358.0,Cyclic,Cyclic_Down-Trend_Stable,Oscillation
1359.0,3,3_0,S-shape_Growth
1360.0,Growth&Decline,Growth&Decline_0,Growth&Decline
1361.0,2,2_1,Positive_Exponential_Growth
1362.0,Growth&Decline,Growth&Decline_1,Growth&Decline
1363.0,Linear,Linear_0,Linear_Growth
1364.0,3,3_0,S-shape_Growth
1365.0,Linear,Linear_1,Linear_Growth
1366.0,2,2_0,Positive_Exponential_Growth
1367.0,Growth&Decline,Growth&Decline_0,Growth&Decline
1368.0,Cyclic,Cyclic_Up-Trend_Indeterminate,Oscillation
1369.0,3,3_1,S-shape_Growth
1370.0,Linear,Linear_1,Linear_Growth
1371.0,Cyclic,Cyclic_Up-Trend_Stable,Oscillation
1372.0,Growth&Decline,Growth&Decline_0,Growth&Decline
1373.0,Growth&Decline,Growth&Decline_1,Growth&Decline
1374.0,Growth&Decline,Growth&Decline_0,Growth&Decline
1375.0,Cyclic,Cyclic_Down-Trend_Diverging,Oscillation
1376.0,Cyclic,Cyclic_Up-Trend_Diverging,Oscillation
1377.0,Growth&Decline,Growth&Decline_0,Growth&Decline
1378.0,1,1_0,Negative_Exponential_Growth
1379.0,3,3_1,S-shape_Growth
1380.0,3,3_1,Negative_Exponential_Growth
1381.0,Cyclic,Cyclic_Up-Trend_Dampening,Oscillation
1382.0,Cyclic,Cyclic_No-Trend_Diverging,Oscillation
1383.0,Growth&Decline,Growth&Decline_0,Growth&Decline
1384.0,Growth&Decline,Growth&Decline_0,Growth&Decline
1385.0,Cyclic,Cyclic_No-Trend_Stable,Oscillation
1386.0,Growth&Decline,Growth&Decline_1,Growth&Decline
1387.0,Growth&Decline,Growth&Decline_0,Growth&Decline
1388.0,Cyclic,Cyclic_Up-Trend_Diverging,Oscillation
1389.0,Cyclic,Cyclic_Up-Trend_Diverging,Oscillation
1390.0,Cyclic,Cyclic_No-Trend_Dampening,Oscillation
1391.0,3,3_1,Negative_Exponential_Growth
1392.0,Growth&Decline,Growth&Decline_1,Growth&Decline
1393.0,Linear,Linear_1,Linear_Growth
1394.0,3,3_1,S-shape_Growth
1395.0,Cyclic,Cyclic_Down-Trend_Stable,Oscillation
1396.0,Cyclic,Cyclic_No-Trend_Dampening,Oscillation
1397.0,Cyclic,Cyclic_No-Trend_Stable,Oscillation
1398.0,Cyclic,Cyclic_No-Trend_Stable,Oscillation
1399.0,Linear,Linear_0,Linear_Growth
1400.0,3,3_0,S-shape_Growth
1401.0,Cyclic,Cyclic_No-Trend_Stable,Oscillation
1402.0,Cyclic,Cyclic_Up-Trend_Diverging,Oscillation
1403.0,Growth&Decline,Growth&Decline_0,Growth&Decline
1404.0,Cyclic,Cyclic_Down-Trend_Indeterminate,Oscillation
1405.0,Growth&Decline,Growth&Decline_0,Growth&Decline
1406.0,2,2_1,Positive_Exponential_Growth
1407.0,Cyclic,Cyclic_No-Trend_Stable,Oscillation
1408.0,Cyclic,Cyclic_Up-Trend_Dampening,Oscillation
1409.0,Cyclic,Cyclic_Down-Trend_Stable,Oscillation
1410.0,Growth&Decline,Growth&Decline_1,Growth&Decline
1411.0,Cyclic,Cyclic_No-Trend_Stable,Oscillation
1412.0,1,1_0,Negative_Exponential_Growth
1413.0,Cyclic,Cyclic_Up-Trend_Stable,Oscillation
1414.0,Growth&Decline,Growth&Decline_1,Growth&Decline
1415.0,1,1_1,Negative_Exponential_Growth
1416.0,3,3_0,Negative_Exponential_Growth
1417.0,Cyclic,Cyclic_No-Trend_Stable,Oscillation
1418.0,Growth&Decline,Growth&Decline_0,Growth&Decline
1419.0,1,1_1,Negative_Exponential_Growth
1420.0,3,3_0,Negative_Exponential_Growth
1421.0,2,2_1,Positive_Exponential_Growth
1422.0,Cyclic,Cyclic_Up-Trend_Stable,Oscillation
1423.0,Growth&Decline,Growth&Decline_0,Growth&Decline
1424.0,Cyclic,Cyclic_Up-Trend_Stable,Oscillation
1425.0,3,3_0,S-shape_Growth
1426.0,Linear,Linear_1,Linear_Growth
1427.0,2,2_1,Positive_Exponential_Growth
1428.0,Cyclic,Cyclic_Down-Trend_Stable,Oscillation
1429.0,Growth&Decline,Growth&Decline_0,Growth&Decline
1430.0,Growth&Decline,Growth&Decline_1,Growth&Decline
1431.0,Cyclic,Cyclic_Up-Trend_Dampening,Oscillation
1432.0,2,2_1,Positive_Exponential_Growth
1433.0,3,3_1,Negative_Exponential_Growth
1434.0,Linear,Linear_0,Linear_Growth
1435.0,Growth&Decline,Growth&Decline_0,Growth&Decline
1436.0,Linear,Linear_0,Linear_Growth
1437.0,Growth&Decline,Growth&Decline_0,Growth&Decline
1438.0,Growth&Decline,Growth&Decline_1,Growth&Decline
1439.0,Cyclic,Cyclic_Down-Trend_Dampening,Oscillation
1440.0,Cyclic,Cyclic_No-Trend_Indeterminate,Oscillation
1441.0,Cyclic,Cyclic_No-Trend_Dampening,Oscillation
1442.0,Cyclic,Cyclic_No-Trend_Stable,Oscillation
1443.0,Linear,Linear_1,Linear_Growth
1444.0,Growth&Decline,Growth&Decline_0,Growth&Decline
1445.0,2,2_1,Positive_Exponential_Growth
1446.0,3,3_0,S-shape_Growth
1447.0,Growth&Decline,Growth&Decline_0,Growth&Decline
1448.0,Cyclic,Cyclic_Up-Trend_Stable,Oscillation
1449.0,3,3_1,S-shape_Growth
1450.0,Growth&Decline,Growth&Decline_0,Growth&Decline
1451.0,Linear,Linear_0,Linear_Growth
1452.0,Cyclic,Cyclic_Up-Trend_Stable,Oscillation
1453.0,Cyclic,Cyclic_Down-Trend_Stable,Oscillation
1454.0,3,3_1,S-shape_Growth
1455.0,Cyclic,Cyclic_No-Trend_Stable,Oscillation
1456.0,Growth&Decline,Growth&Decline_0,Growth&Decline
1457.0,Linear,Linear_1,Linear_Growth
1458.0,Cyclic,Cyclic_No-Trend_Dampening,Oscillation
1459.0,Growth&Decline,Growth&Decline_0,Growth&Decline
1460.0,Linear,Linear_0,Linear_Growth
1461.0,Growth&Decline,Growth&Decline_0,Growth&Decline
1462.0,Cyclic,Cyclic_Down-Trend_Stable,Oscillation
1463.0,Growth&Decline,Growth&Decline_0,Growth&Decline
1464.0,3,3_0,S-shape_Growth
1465.0,Growth&Decline,Growth&Decline_0,Growth&Decline
1466.0,1,1_1,Negative_Exponential_Growth
1467.0,Growth&Decline,Growth&Decline_1,Growth&Decline
1468.0,3,3_1,Negative_Exponential_Growth
1469.0,Cyclic,Cyclic_Down-Trend_Diverging,Oscillation
1470.0,Cyclic,Cyclic_No-Trend_Indeterminate,Oscillation
1471.0,Growth&Decline,Growth&Decline_1,Growth&Decline
1472.0,Cyclic,Cyclic_Down-Trend_Stable,Oscillation
1473.0,Cyclic,Cyclic_Up-Trend_Diverging,Oscillation
1474.0,Cyclic,Cyclic_No-Trend_Dampening,Oscillation
1475.0,3,3_0,Negative_Exponential_Growth
1476.0,Cyclic,Cyclic_Up-Trend_Dampening,Oscillation
1477.0,3,3_0,S-shape_Growth
1478.0,3,3_1,S-shape_Growth
1479.0,2,2_1,Positive_Exponential_Growth
1480.0,Cyclic,Cyclic_Up-Trend_Stable,Oscillation
1481.0,Cyclic,Cyclic_No-Trend_Diverging,Oscillation
1482.0,Cyclic,Cyclic_Down-Trend_Stable,Oscillation
1483.0,Growth&Decline,Growth&Decline_1,Growth&Decline
1484.0,Cyclic,Cyclic_No-Trend_Diverging,Oscillation
1485.0,Cyclic,Cyclic_Down-Trend_Indeterminate,Oscillation
1486.0,Cyclic,Cyclic_No-Trend_Dampening,Oscillation
1487.0,Cyclic,Cyclic_Down-Trend_Stable,Oscillation
1488.0,Growth&Decline,Growth&Decline_0,Growth&Decline
1489.0,Growth&Decline,Growth&Decline_1,Growth&Decline
1490.0,Growth&Decline,Growth&Decline_1,Growth&Decline
1491.0,Cyclic,Cyclic_Down-Trend_Stable,Oscillation
1492.0,Cyclic,Cyclic_No-Trend_Stable,Oscillation
1493.0,Cyclic,Cyclic_Up-Trend_Stable,Oscillation
1494.0,Cyclic,Cyclic_Up-Trend_Stable,Oscillation
1495.0,3,3_0,Positive_Exponential_Growth
1496.0,1,1_1,Negative_Exponential_Growth
1497.0,Cyclic,Cyclic_Down-Trend_Stable,Oscillation
1498.0,Cyclic,Cyclic_Down-Trend_Stable,Oscillation
1499.0,Cyclic,Cyclic_No-Trend_Stable,Oscillation
1500.0,Cyclic,Cyclic_Down-Trend_Dampening,Oscillation
1501.0,1,1_1,Negative_Exponential_Growth
1502.0,Cyclic,Cyclic_Down-Trend_Stable,Oscillation
1503.0,Cyclic,Cyclic_Up-Trend_Stable,Oscillation
1504.0,Growth&Decline,Growth&Decline_1,Growth&Decline
1505.0,3,3_1,S-shape_Growth
1506.0,Linear,Linear_1,Linear_Growth
1507.0,1,1_1,Negative_Exponential_Growth
1508.0,Cyclic,Cyclic_No-Trend_Diverging,Oscillation
1509.0,Cyclic,Cyclic_No-Trend_Stable,Oscillation
1510.0,3,3_1,S-shape_Growth
1511.0,Growth&Decline,Growth&Decline_0,Growth&Decline
1512.0,3,3_0,Negative_Exponential_Growth
1513.0,2,2_0,Positive_Exponential_Growth
1514.0,Linear,Linear_0,Linear_Growth
1515.0,Cyclic,Cyclic_Up-Trend_Stable,Oscillation
1516.0,Growth&Decline,Growth&Decline_0,Growth&Decline
1517.0,3,3_1,S-shape_Growth
1518.0,Cyclic,Cyclic_No-Trend_Stable,Oscillation
1519.0,Cyclic,Cyclic_Up-Trend_Indeterminate,Oscillation
1520.0,3,3_0,S-shape_Growth
1521.0,Cyclic,Cyclic_Down-Trend_Stable,Oscillation
1522.0,Growth&Decline,Growth&Decline_0,Growth&Decline
1523.0,Growth&Decline,Growth&Decline_0,Growth&Decline
1524.0,Cyclic,Cyclic_No-Trend_Indeterminate,Oscillation
1525.0,Growth&Decline,Growth&Decline_0,Growth&Decline
1526.0,Cyclic,Cyclic_Up-Trend_Stable,Oscillation
1527.0,Cyclic,Cyclic_Up-Trend_Stable,Oscillation
1528.0,Cyclic,Cyclic_No-Trend_Stable,Oscillation
1529.0,Cyclic,Cyclic_No-Trend_Stable,Oscillation
1530.0,Cyclic,Cyclic_No-Trend_Dampening,Oscillation
1531.0,Linear,Linear_1,Linear_Growth
1532.0,2,2_1,Positive_Exponential_Growth
1533.0,3,3_0,Negative_Exponential_Growth
1534.0,Cyclic,Cyclic_Up-Trend_Stable,Oscillation
1535.0,2,2_0,Positive_Exponential_Growth
1536.0,Growth&Decline,Growth&Decline_0,Growth&Decline
1537.0,2,2_1,Positive_Exponential_Growth
1538.0,3,3_0,S-shape_Growth
1539.0,Growth&Decline,Growth&Decline_1,Growth&Decline
1540.0,Growth&Decline,Growth&Decline_0,Growth&Decline
1541.0,3,3_0,Positive_Exponential_Growth
1542.0,Growth&Decline,Growth&Decline_0,Growth&Decline
1543.0,1,1_0,Negative_Exponential_Growth
1544.0,Growth&Decline,Growth&Decline_0,Growth&Decline
1545.0,Growth&Decline,Growth&Decline_1,Growth&Decline
1546.0,Cyclic,Cyclic_No-Trend_Stable,Oscillation
1547.0,Cyclic,Cyclic_No-Trend_Dampening,Oscillation
1548.0,Cyclic,Cyclic_No-Trend_Indeterminate,Oscillation
1549.0,Cyclic,Cyclic_Up-Trend_Diverging,Oscillation
1550.0,3,3_1,S-shape_Growth
1551.0,Linear,Linear_0,Linear_Growth
1552.0,Cyclic,Cyclic_Up-Trend_Dampening,Oscillation
1553.0,Growth&Decline,Growth&Decline_0,Growth&Decline
1554.0,3,3_0,S-shape_Growth
1555.0,Cyclic,Cyclic_Down-Trend_Stable,Oscillation
1556.0,Cyclic,Cyclic_Down-Trend_Stable,Oscillation
1557.0,Cyclic,Cyclic_No-Trend_Stable,Oscillation
1558.0,Cyclic,Cyclic_Down-Trend_Stable,Oscillation
1559.0,Growth&Decline,Growth&Decline_0,Growth&Decline
1560.0,2,2_1,Positive_Exponential_Growth
1561.0,Cyclic,Cyclic_No-Trend_Stable,Oscillation
1562.0,Cyclic,Cyclic_Up-Trend_Dampening,Oscillation
1563.0,2,2_1,Positive_Exponential_Growth
1564.0,Linear,Linear_0,Linear_Growth
1565.0,3,3_0,S-shape_Growth
1566.0,Growth&Decline,Growth&Decline_1,Growth&Decline
1567.0,1,1_0,Negative_Exponential_Growth
1568.0,Cyclic,Cyclic_No-Trend_Stable,Oscillation
1569.0,Cyclic,Cyclic_No-Trend_Indeterminate,Oscillation
1570.0,Cyclic,Cyclic_Down-Trend_Stable,Oscillation
1571.0,Cyclic,Cyclic_No-Trend_Dampening,Oscillation
1572.0,Growth&Decline,Growth&Decline_0,Growth&Decline
1573.0,Cyclic,Cyclic_Up-Trend_Stable,Oscillation
1574.0,Growth&Decline,Growth&Decline_0,Growth&Decline
1575.0,3,3_1,S-shape_Growth
1576.0,Cyclic,Cyclic_No-Trend_Indeterminate,Oscillation
1577.0,Cyclic,Cyclic_Up-Trend_Diverging,Oscillation
1578.0,Cyclic,Cyclic_No-Trend_Dampening,Oscillation
1579.0,Cyclic,Cyclic_Down-Trend_Stable,Oscillation
1580.0,Growth&Decline,Growth&Decline_0,Growth&Decline
1581.0,Cyclic,Cyclic_Up-Trend_Dampening,Oscillation
1582.0,Cyclic,Cyclic_Up-Trend_Stable,Oscillation
1583.0,Cyclic,Cyclic_No-Trend_Diverging,Oscillation
1584.0,2,2_1,Positive_Exponential_Growth
1585.0,Cyclic,Cyclic_Down-Trend_Stable,Oscillation
1586.0,2,2_1,Positive_Exponential_Growth
1587.0,3,3_1,Negative_Exponential_Growth
1588.0,Cyclic,Cyclic_Up-Trend_Dampening,Oscillation
1589.0,Cyclic,Cyclic_Down-Trend_Dampening,Oscillation
1590.0,Linear,Linear_1,Linear_Growth
1591.0,Cyclic,Cyclic_No-Trend_Dampening,Oscillation
1592.0,Cyclic,Cyclic_No-Trend_Stable,Oscillation
1593.0,Cyclic,Cyclic_No-Trend_Diverging,Oscillation
1594.0,Growth&Decline,Growth&Decline_1,Growth&Decline
1595.0,Growth&Decline,Growth&Decline_1,Growth&Decline
1596.0,3,3_0,Negative_Exponential_Growth
1597.0,Cyclic,Cyclic_Down-Trend_Diverging,Oscillation
1598.0,Cyclic,Cyclic_No-Trend_Indeterminate,Oscillation
1599.0,3,3_1,Negative_Exponential_Growth
1600.0,Cyclic,Cyclic_No-Trend_Stable,Oscillation
1601.0,Growth&Decline,Growth&Decline_0,Growth&Decline
1602.0,Cyclic,Cyclic_No-Trend_Diverging,Oscillation
1603.0,Growth&Decline,Growth&Decline_0,Growth&Decline
1604.0,Cyclic,Cyclic_No-Trend_Diverging,Oscillation
1605.0,Cyclic,Cyclic_Up-Trend_Dampening,Oscillation
1606.0,Cyclic,Cyclic_Down-Trend_Indeterminate,Oscillation
1607.0,Growth&Decline,Growth&Decline_0,Growth&Decline
1608.0,2,2_1,Positive_Exponential_Growth
1609.0,Growth&Decline,Growth&Decline_0,Growth&Decline
1610.0,2,2_0,Positive_Exponential_Growth
1611.0,Growth&Decline,Growth&Decline_1,Growth&Decline
1612.0,Growth&Decline,Growth&Decline_0,Growth&Decline
1613.0,2,2_0,Positive_Exponential_Growth
1614.0,3,3_1,Negative_Exponential_Growth
1615.0,3,3_1,S-shape_Growth
1616.0,Cyclic,Cyclic_Down-Trend_Diverging,Oscillation
1617.0,Cyclic,Cyclic_Up-Trend_Dampening,Oscillation
1618.0,Cyclic,Cyclic_No-Trend_Diverging,Oscillation
1619.0,Cyclic,Cyclic_Up-Trend_Dampening,Oscillation
1620.0,Linear,Linear_1,Linear_Growth
1621.0,Cyclic,Cyclic_Up-Trend_Stable,Oscillation
1622.0,Cyclic,Cyclic_Down-Trend_Indeterminate,Oscillation
1623.0,Growth&Decline,Growth&Decline_0,Growth&Decline
1624.0,Cyclic,Cyclic_Down-Trend_Stable,Oscillation
1625.0,Growth&Decline,Growth&Decline_0,Growth&Decline
1626.0,Growth&Decline,Growth&Decline_0,Growth&Decline
1627.0,Cyclic,Cyclic_No-Trend_Diverging,Oscillation
1628.0,3,3_0,S-shape_Growth
1629.0,Growth&Decline,Growth&Decline_0,Growth&Decline
1630.0,Growth&Decline,Growth&Decline_1,Growth&Decline
1631.0,Cyclic,Cyclic_No-Trend_Stable,Oscillation
1632.0,Cyclic,Cyclic_No-Trend_Stable,Oscillation
1633.0,Cyclic,Cyclic_No-Trend_Stable,Oscillation
1634.0,Cyclic,Cyclic_Up-Trend_Indeterminate,Oscillation
1635.0,2,2_0,Positive_Exponential_Growth
1636.0,Cyclic,Cyclic_Down-Trend_Stable,Oscillation
1637.0,2,2_1,Positive_Exponential_Growth
1638.0,Growth&Decline,Growth&Decline_1,Growth&Decline
1639.0,Growth&Decline,Growth&Decline_0,Growth&Decline
1640.0,Growth&Decline,Growth&Decline_1,Growth&Decline
1641.0,Cyclic,Cyclic_Up-Trend_Dampening,Oscillation
1642.0,Cyclic,Cyclic_No-Trend_Dampening,Oscillation
1643.0,1,1_1,Negative_Exponential_Growth
1644.0,Cyclic,Cyclic_No-Trend_Stable,Oscillation
1645.0,1,1_1,Negative_Exponential_Growth
1646.0,Cyclic,Cyclic_Down-Trend_Diverging,Oscillation
1647.0,Cyclic,Cyclic_No-Trend_Dampening,Oscillation
1648.0,Cyclic,Cyclic_No-Trend_Diverging,Oscillation
1649.0,Cyclic,Cyclic_Down-Trend_Dampening,Oscillation
1650.0,Cyclic,Cyclic_No-Trend_Diverging,Oscillation
1651.0,Linear,Linear_0,Linear_Growth
1652.0,Cyclic,Cyclic_No-Trend_Stable,Oscillation
1653.0,Growth&Decline,Growth&Decline_1,Growth&Decline
1654.0,Cyclic,Cyclic_Up-Trend_Dampening,Oscillation
1655.0,Cyclic,Cyclic_Down-Trend_Stable,Oscillation
1656.0,Cyclic,Cyclic_Down-Trend_Diverging,Oscillation
1657.0,Growth&Decline,Growth&Decline_0,Growth&Decline
1658.0,Growth&Decline,Growth&Decline_0,Growth&Decline
1659.0,Growth&Decline,Growth&Decline_1,Growth&Decline
1660.0,Growth&Decline,Growth&Decline_1,Growth&Decline
1661.0,Cyclic,Cyclic_Up-Trend_Stable,Oscillation
1662.0,1,1_0,Negative_Exponential_Growth
1663.0,Growth&Decline,Growth&Decline_1,Growth&Decline
1664.0,Cyclic,Cyclic_No-Trend_Indeterminate,Oscillation
1665.0,Cyclic,Cyclic_No-Trend_Stable,Oscillation
1666.0,Cyclic,Cyclic_No-Trend_Indeterminate,Oscillation
1667.0,Growth&Decline,Growth&Decline_1,Growth&Decline
1668.0,3,3_1,S-shape_Growth
1669.0,1,1_0,Negative_Exponential_Growth
1670.0,Growth&Decline,Growth&Decline_0,Growth&Decline
1671.0,Cyclic,Cyclic_No-Trend_Indeterminate,Oscillation
1672.0,Cyclic,Cyclic_Down-Trend_Diverging,Oscillation
1673.0,Growth&Decline,Growth&Decline_0,Growth&Decline
1674.0,1,1_1,Negative_Exponential_Growth
1675.0,Growth&Decline,Growth&Decline_1,Growth&Decline
1676.0,Linear,Linear_0,Linear_Growth
1677.0,1,1_0,Negative_Exponential_Growth
1678.0,3,3_0,S-shape_Growth
1679.0,Cyclic,Cyclic_No-Trend_Indeterminate,Oscillation
1680.0,Growth&Decline,Growth&Decline_0,Growth&Decline
1681.0,Cyclic,Cyclic_Down-Trend_Diverging,Oscillation
1682.0,Cyclic,Cyclic_No-Trend_Stable,Oscillation
1683.0,3,3_1,S-shape_Growth
1684.0,Cyclic,Cyclic_No-Trend_Stable,Oscillation
1685.0,Growth&Decline,Growth&Decline_0,Growth&Decline
1686.0,Linear,Linear_0,Linear_Growth
1687.0,Cyclic,Cyclic_No-Trend_Diverging,Oscillation
1688.0,2,2_1,Positive_Exponential_Growth
1689.0,3,3_1,S-shape_Growth
1690.0,Cyclic,Cyclic_No-Trend_Diverging,Oscillation
1691.0,Cyclic,Cyclic_Up-Trend_Stable,Oscillation
1692.0,2,2_0,Positive_Exponential_Growth
1693.0,Growth&Decline,Growth&Decline_1,Growth&Decline
1694.0,Growth&Decline,Growth&Decline_0,Growth&Decline
1695.0,Cyclic,Cyclic_Up-Trend_Dampening,Oscillation
1696.0,Cyclic,Cyclic_No-Trend_Diverging,Oscillation
1697.0,Growth&Decline,Growth&Decline_1,Growth&Decline
1698.0,Growth&Decline,Growth&Decline_0,Growth&Decline
1699.0,Growth&Decline,Growth&Decline_1,Growth&Decline
1700.0,2,2_0,Positive_Exponential_Growth
1701.0,Cyclic,Cyclic_No-Trend_Diverging,Oscillation
1702.0,Growth&Decline,Growth&Decline_0,Growth&Decline
1703.0,Cyclic,Cyclic_No-Trend_Indeterminate,Oscillation
1704.0,Cyclic,Cyclic_No-Trend_Indeterminate,Oscillation
1705.0,Growth&Decline,Growth&Decline_0,Growth&Decline
1706.0,Cyclic,Cyclic_Up-Trend_Dampening,Oscillation
1707.0,Cyclic,Cyclic_Down-Trend_Stable,Oscillation
1708.0,Cyclic,Cyclic_Up-Trend_Dampening,Oscillation
1709.0,Cyclic,Cyclic_No-Trend_Dampening,Oscillation
1710.0,2,2_1,Positive_Exponential_Growth
1711.0,3,3_1,Negative_Exponential_Growth
1712.0,Cyclic,Cyclic_Down-Trend_Stable,Oscillation
1713.0,Cyclic,Cyclic_No-Trend_Stable,Oscillation
1714.0,Cyclic,Cyclic_Up-Trend_Indeterminate,Oscillation
1715.0,Cyclic,Cyclic_No-Trend_Dampening,Oscillation
1716.0,3,3_1,S-shape_Growth
1717.0,Cyclic,Cyclic_Up-Trend_Stable,Oscillation
1718.0,Cyclic,Cyclic_Up-Trend_Dampening,Oscillation
1719.0,3,3_0,S-shape_Growth
1720.0,Cyclic,Cyclic_No-Trend_Stable,Oscillation
1721.0,Growth&Decline,Growth&Decline_0,Growth&Decline
1722.0,Cyclic,Cyclic_No-Trend_Stable,Oscillation
1723.0,Cyclic,Cyclic_No-Trend_Diverging,Oscillation
1724.0,Cyclic,Cyclic_No-Trend_Stable,Oscillation
1725.0,2,2_1,Positive_Exponential_Growth
1726.0,3,3_0,S-shape_Growth
1727.0,Growth&Decline,Growth&Decline_0,Growth&Decline
1728.0,Cyclic,Cyclic_Up-Trend_Dampening,Oscillation
1729.0,Growth&Decline,Growth&Decline_1,Growth&Decline
1730.0,2,2_1,Positive_Exponential_Growth
1731.0,Cyclic,Cyclic_Up-Trend_Diverging,Oscillation
1732.0,Growth&Decline,Growth&Decline_0,Growth&Decline
1733.0,3,3_1,S-shape_Growth
1734.0,3,3_0,S-shape_Growth
1735.0,2,2_0,Positive_Exponential_Growth
1736.0,3,3_0,S-shape_Growth
1737.0,Growth&Decline,Growth&Decline_1,Growth&Decline
1738.0,2,2_0,Positive_Exponential_Growth
1739.0,Cyclic,Cyclic_No-Trend_Stable,Oscillation
1740.0,Cyclic,Cyclic_No-Trend_Stable,Oscillation
1741.0,Cyclic,Cyclic_Up-Trend_Diverging,Oscillation
1742.0,Cyclic,Cyclic_Down-Trend_Stable,Oscillation
1743.0,Cyclic,Cyclic_Down-Trend_Stable,Oscillation
1744.0,1,1_1,Negative_Exponential_Growth
1745.0,Cyclic,Cyclic_No-Trend_Diverging,Oscillation
1746.0,3,3_0,S-shape_Growth
1747.0,2,2_0,Positive_Exponential_Growth
1748.0,Growth&Decline,Growth&Decline_0,Growth&Decline
1749.0,Cyclic,Cyclic_No-Trend_Indeterminate,Oscillation
1750.0,Cyclic,Cyclic_Up-Trend_Dampening,Oscillation
1751.0,Growth&Decline,Growth&Decline_0,Growth&Decline
1752.0,Growth&Decline,Growth&Decline_0,Growth&Decline
1753.0,1,1_0,Negative_Exponential_Growth
1754.0,Linear,Linear_0,Linear_Growth
1755.0,1,1_0,Negative_Exponential_Growth
1756.0,Growth&Decline,Growth&Decline_1,Growth&Decline
1757.0,Cyclic,Cyclic_Up-Trend_Stable,Oscillation
1758.0,Growth&Decline,Growth&Decline_1,Growth&Decline
1759.0,Cyclic,Cyclic_Up-Trend_Stable,Oscillation
1760.0,Cyclic,Cyclic_No-Trend_Stable,Oscillation
1761.0,Cyclic,Cyclic_No-Trend_Stable,Oscillation
1762.0,Cyclic,Cyclic_Up-Trend_Stable,Oscillation
1763.0,Cyclic,Cyclic_Down-Trend_Stable,Oscillation
1764.0,Growth&Decline,Growth&Decline_1,Growth&Decline
1765.0,Cyclic,Cyclic_No-Trend_Stable,Oscillation
1766.0,Cyclic,Cyclic_No-Trend_Indeterminate,Oscillation
1767.0,2,2_0,Positive_Exponential_Growth
1768.0,Growth&Decline,Growth&Decline_0,Growth&Decline
1769.0,Growth&Decline,Growth&Decline_1,Growth&Decline
1770.0,1,1_0,Negative_Exponential_Growth
1771.0,Cyclic,Cyclic_Down-Trend_Stable,Oscillation
1772.0,Growth&Decline,Growth&Decline_0,Growth&Decline
1773.0,Cyclic,Cyclic_No-Trend_Stable,Oscillation
1774.0,Cyclic,Cyclic_No-Trend_Stable,Oscillation
1775.0,Cyclic,Cyclic_Down-Trend_Diverging,Oscillation
1776.0,Growth&Decline,Growth&Decline_0,Growth&Decline
1777.0,Growth&Decline,Growth&Decline_0,Growth&Decline
1778.0,3,3_1,S-shape_Growth
1779.0,3,3_0,S-shape_Growth
1780.0,3,3_1,Negative_Exponential_Growth
1781.0,Cyclic,Cyclic_Down-Trend_Stable,Oscillation
1782.0,3,3_1,S-shape_Growth
1783.0,Cyclic,Cyclic_Down-Trend_Stable,Oscillation
1784.0,3,3_1,Negative_Exponential_Growth
1785.0,Cyclic,Cyclic_Up-Trend_Stable,Oscillation
1786.0,Cyclic,Cyclic_No-Trend_Dampening,Oscillation
1787.0,Growth&Decline,Growth&Decline_1,Growth&Decline
1788.0,Cyclic,Cyclic_Down-Trend_Stable,Oscillation
1789.0,Cyclic,Cyclic_No-Trend_Diverging,Oscillation
1790.0,Cyclic,Cyclic_Down-Trend_Stable,Oscillation
1791.0,Growth&Decline,Growth&Decline_1,Growth&Decline
1792.0,Growth&Decline,Growth&Decline_0,Growth&Decline
1793.0,3,3_0,S-shape_Growth
1794.0,Growth&Decline,Growth&Decline_1,Growth&Decline
1795.0,Cyclic,Cyclic_No-Trend_Stable,Oscillation
1796.0,Growth&Decline,Growth&Decline_1,Growth&Decline
1797.0,Growth&Decline,Growth&Decline_0,Growth&Decline
1798.0,2,2_0,Positive_Exponential_Growth
1799.0,Growth&Decline,Growth&Decline_1,Growth&Decline
1800.0,3,3_1,Negative_Exponential_Growth
1801.0,Cyclic,Cyclic_Up-Trend_Stable,Oscillation
1802.0,Cyclic,Cyclic_No-Trend_Stable,Oscillation
1803.0,Growth&Decline,Growth&Decline_0,Growth&Decline
1804.0,Cyclic,Cyclic_Down-Trend_Diverging,Oscillation
1805.0,Growth&Decline,Growth&Decline_1,Growth&Decline
1806.0,Cyclic,Cyclic_Up-Trend_Diverging,Oscillation
1807.0,Linear,Linear_0,Linear_Growth
1808.0,2,2_0,Positive_Exponential_Growth
1809.0,Cyclic,Cyclic_No-Trend_Indeterminate,Oscillation
1810.0,2,2_0,Positive_Exponential_Growth
1811.0,2,2_1,Positive_Exponential_Growth
1812.0,Growth&Decline,Growth&Decline_1,Growth&Decline
1813.0,Growth&Decline,Growth&Decline_0,Growth&Decline
1814.0,Cyclic,Cyclic_No-Trend_Diverging,Oscillation
1815.0,3,3_0,S-shape_Growth
1816.0,Cyclic,Cyclic_Up-Trend_Stable,Oscillation
1817.0,Cyclic,Cyclic_Up-Trend_Stable,Oscillation
1818.0,Cyclic,Cyclic_Down-Trend_Stable,Oscillation
1819.0,Cyclic,Cyclic_No-Trend_Dampening,Oscillation
1820.0,Cyclic,Cyclic_Up-Trend_Indeterminate,Oscillation
1821.0,Cyclic,Cyclic_No-Trend_Stable,Oscillation
1822.0,3,3_0,S-shape_Growth
1823.0,Cyclic,Cyclic_Down-Trend_Diverging,Oscillation
1824.0,3,3_1,S-shape_Growth
1825.0,Cyclic,Cyclic_No-Trend_Stable,Oscillation
1826.0,Cyclic,Cyclic_No-Trend_Stable,Oscillation
1827.0,Cyclic,Cyclic_No-Trend_Dampening,Oscillation
1828.0,3,3_1,S-shape_Growth
1829.0,2,2_0,Positive_Exponential_Growth
1830.0,Growth&Decline,Growth&Decline_0,Growth&Decline
1831.0,Growth&Decline,Growth&Decline_1,Growth&Decline
1832.0,Cyclic,Cyclic_Up-Trend_Indeterminate,Oscillation
1833.0,Cyclic,Cyclic_Down-Trend_Stable,Oscillation
1834.0,Cyclic,Cyclic_No-Trend_Stable,Oscillation
1835.0,Cyclic,Cyclic_Down-Trend_Stable,Oscillation
1836.0,1,1_0,Negative_Exponential_Growth
1837.0,Growth&Decline,Growth&Decline_0,Growth&Decline
1838.0,Cyclic,Cyclic_No-Trend_Stable,Oscillation
1839.0,Cyclic,Cyclic_Down-Trend_Stable,Oscillation
1840.0,Linear,Linear_1,Linear_Growth
1841.0,3,3_1,S-shape_Growth
1842.0,2,2_1,Positive_Exponential_Growth
1843.0,Cyclic,Cyclic_No-Trend_Diverging,Oscillation
1844.0,Growth&Decline,Growth&Decline_0,Growth&Decline
1845.0,Cyclic,Cyclic_No-Trend_Dampening,Oscillation
1846.0,2,2_1,Positive_Exponential_Growth
1847.0,Cyclic,Cyclic_Up-Trend_Indeterminate,Oscillation
1848.0,Linear,Linear_1,Linear_Growth
1849.0,Growth&Decline,Growth&Decline_0,Growth&Decline
1850.0,2,2_1,Positive_Exponential_Growth
1851.0,3,3_1,Negative_Exponential_Growth
1852.0,3,3_0,S-shape_Growth
1853.0,Cyclic,Cyclic_Up-Trend_Stable,Oscillation
1854.0,Cyclic,Cyclic_Up-Trend_Dampening,Oscillation
1855.0,Cyclic,Cyclic_Up-Trend_Stable,Oscillation
1856.0,Cyclic,Cyclic_No-Trend_Indeterminate,Oscillation
1857.0,Cyclic,Cyclic_No-Trend_Indeterminate,Oscillation
1858.0,Cyclic,Cyclic_Up-Trend_Dampening,Oscillation
1859.0,Cyclic,Cyclic_No-Trend_Stable,Oscillation
1860.0,Cyclic,Cyclic_Up-Trend_Stable,Oscillation
1861.0,Growth&Decline,Growth&Decline_0,Growth&Decline
1862.0,Growth&Decline,Growth&Decline_1,Growth&Decline
1863.0,Cyclic,Cyclic_No-Trend_Stable,Oscillation
1864.0,3,3_0,S-shape_Growth
1865.0,3,3_1,S-shape_Growth
1866.0,Growth&Decline,Growth&Decline_0,Growth&Decline
1867.0,Cyclic,Cyclic_Down-Trend_Stable,Oscillation
1868.0,Cyclic,Cyclic_No-Trend_Diverging,Oscillation
1869.0,Cyclic,Cyclic_No-Trend_Stable,Oscillation
1870.0,3,3_1,S-shape_Growth
1871.0,Cyclic,Cyclic_No-Trend_Stable,Oscillation
1872.0,Linear,Linear_1,Linear_Growth
1873.0,3,3_0,S-shape_Growth
1874.0,Cyclic,Cyclic_Down-Trend_Dampening,Oscillation
1875.0,Linear,Linear_1,Linear_Growth
1876.0,3,3_0,Negative_Exponential_Growth
1877.0,Growth&Decline,Growth&Decline_0,Growth&Decline
1878.0,3,3_1,S-shape_Growth
1879.0,Cyclic,Cyclic_No-Trend_Diverging,Oscillation
1880.0,3,3_0,Negative_Exponential_Growth
1881.0,Cyclic,Cyclic_No-Trend_Dampening,Oscillation
1882.0,Growth&Decline,Growth&Decline_1,Growth&Decline
1883.0,3,3_0,S-shape_Growth
1884.0,Cyclic,Cyclic_No-Trend_Stable,Oscillation
1885.0,Cyclic,Cyclic_Down-Trend_Diverging,Oscillation
1886.0,3,3_1,Negative_Exponential_Growth
1887.0,Growth&Decline,Growth&Decline_0,Growth&Decline
1888.0,3,3_1,S-shape_Growth
1889.0,3,3_0,Negative_Exponential_Growth
1890.0,Linear,Linear_0,Linear_Growth
1891.0,Cyclic,Cyclic_Up-Trend_Indeterminate,Oscillation
1892.0,Growth&Decline,Growth&Decline_1,Growth&Decline
1893.0,Cyclic,Cyclic_Down-Trend_Dampening,Oscillation
1894.0,2,2_1,Positive_Exponential_Growth
1895.0,Growth&Decline,Growth&Decline_0,Growth&Decline
1896.0,3,3_1,S-shape_Growth
1897.0,Cyclic,Cyclic_Down-Trend_Dampening,Oscillation
1898.0,Cyclic,Cyclic_No-Trend_Stable,Oscillation
1899.0,Linear,Linear_0,Linear_Growth
1900.0,Cyclic,Cyclic_Down-Trend_Dampening,Oscillation
1901.0,Cyclic,Cyclic_Down-Trend_Stable,Oscillation
1902.0,Cyclic,Cyclic_No-Trend_Indeterminate,Oscillation
1903.0,Growth&Decline,Growth&Decline_0,Growth&Decline
1904.0,3,3_1,S-shape_Growth
1905.0,Cyclic,Cyclic_No-Trend_Dampening,Oscillation
1906.0,3,3_0,S-shape_Growth
1907.0,Growth&Decline,Growth&Decline_0,Growth&Decline
1908.0,Growth&Decline,Growth&Decline_0,Growth&Decline
1909.0,Cyclic,Cyclic_No-Trend_Diverging,Oscillation
1910.0,Cyclic,Cyclic_No-Trend_Indeterminate,Oscillation
1911.0,Linear,Linear_0,Linear_Growth
1912.0,3,3_0,Negative_Exponential_Growth
1913.0,Cyclic,Cyclic_No-Trend_Dampening,Oscillation
1914.0,Cyclic,Cyclic_Down-Trend_Diverging,Oscillation
1915.0,Cyclic,Cyclic_Down-Trend_Diverging,Oscillation
1916.0,Cyclic,Cyclic_No-Trend_Dampening,Oscillation
1917.0,3,3_0,S-shape_Growth
1918.0,Growth&Decline,Growth&Decline_0,Growth&Decline
1919.0,Cyclic,Cyclic_Up-Trend_Stable,Oscillation
1920.0,3,3_0,S-shape_Growth
1921.0,3,3_1,Negative_Exponential_Growth
1922.0,Cyclic,Cyclic_No-Trend_Dampening,Oscillation
1923.0,Cyclic,Cyclic_Up-Trend_Dampening,Oscillation
1924.0,2,2_0,Positive_Exponential_Growth
1925.0,Cyclic,Cyclic_Down-Trend_Diverging,Oscillation
1926.0,Growth&Decline,Growth&Decline_0,Growth&Decline
1927.0,Cyclic,Cyclic_No-Trend_Stable,Oscillation
1928.0,Cyclic,Cyclic_Down-Trend_Dampening,Oscillation
1929.0,Cyclic,Cyclic_No-Trend_Stable,Oscillation
1930.0,Cyclic,Cyclic_Up-Trend_Indeterminate,Oscillation
1931.0,Growth&Decline,Growth&Decline_0,Growth&Decline
1932.0,Cyclic,Cyclic_No-Trend_Stable,Oscillation
1933.0,Cyclic,Cyclic_Up-Trend_Indeterminate,Oscillation
1934.0,Linear,Linear_0,Linear_Growth
1935.0,Linear,Linear_1,Linear_Growth
1936.0,Growth&Decline,Growth&Decline_0,Growth&Decline
1937.0,Cyclic,Cyclic_Down-Trend_Stable,Oscillation
1938.0,Cyclic,Cyclic_No-Trend_Dampening,Oscillation
1939.0,Cyclic,Cyclic_Down-Trend_Diverging,Oscillation
1940.0,3,3_0,S-shape_Growth
1941.0,Cyclic,Cyclic_Up-Trend_Dampening,Oscillation
1942.0,Growth&Decline,Growth&Decline_0,Growth&Decline
1943.0,Cyclic,Cyclic_No-Trend_Diverging,Oscillation
1944.0,2,2_1,Positive_Exponential_Growth
1945.0,Cyclic,Cyclic_No-Trend_Indeterminate,Oscillation
1946.0,Cyclic,Cyclic_No-Trend_Stable,Oscillation
1947.0,Growth&Decline,Growth&Decline_0,Growth&Decline
1948.0,Linear,Linear_0,Linear_Growth
1949.0,2,2_1,Positive_Exponential_Growth
1950.0,Growth&Decline,Growth&Decline_0,Growth&Decline
1951.0,Growth&Decline,Growth&Decline_1,Growth&Decline
1952.0,Cyclic,Cyclic_Down-Trend_Stable,Oscillation
1953.0,Growth&Decline,Growth&Decline_0,Growth&Decline
1954.0,Growth&Decline,Growth&Decline_0,Growth&Decline
1955.0,Linear,Linear_0,Linear_Growth
1956.0,3,3_0,Negative_Exponential_Growth
1957.0,Cyclic,Cyclic_No-Trend_Dampening,Oscillation
1958.0,Growth&Decline,Growth&Decline_0,Growth&Decline
1959.0,3,3_1,S-shape_Growth
1960.0,3,3_0,Negative_Exponential_Growth
1961.0,2,2_0,Positive_Exponential_Growth
1962.0,Growth&Decline,Growth&Decline_0,Growth&Decline
1963.0,Cyclic,Cyclic_Down-Trend_Dampening,Oscillation
1964.0,Cyclic,Cyclic_Up-Trend_Indeterminate,Oscillation
1965.0,Cyclic,Cyclic_Down-Trend_Indeterminate,Oscillation
1966.0,Cyclic,Cyclic_No-Trend_Diverging,Oscillation
1967.0,Cyclic,Cyclic_Up-Trend_Dampening,Oscillation
1968.0,Cyclic,Cyclic_No-Trend_Stable,Oscillation
1969.0,Cyclic,Cyclic_No-Trend_Stable,Oscillation
1970.0,3,3_0,S-shape_Growth
1971.0,3,3_0,S-shape_Growth
1972.0,Cyclic,Cyclic_No-Trend_Dampening,Oscillation
1973.0,Cyclic,Cyclic_Down-Trend_Stable,Oscillation
1974.0,Cyclic,Cyclic_Down-Trend_Stable,Oscillation
1975.0,Growth&Decline,Growth&Decline_1,Growth&Decline
1976.0,Growth&Decline,Growth&Decline_0,Growth&Decline
1977.0,Cyclic,Cyclic_No-Trend_Stable,Oscillation
1978.0,Growth&Decline,Growth&Decline_1,Growth&Decline
1979.0,Cyclic,Cyclic_No-Trend_Stable,Oscillation
1980.0,3,3_1,S-shape_Growth
1981.0,3,3_0,S-shape_Growth
1982.0,2,2_0,Positive_Exponential_Growth
1983.0,Cyclic,Cyclic_Up-Trend_Indeterminate,Oscillation
1984.0,Growth&Decline,Growth&Decline_1,Growth&Decline
1985.0,Cyclic,Cyclic_Down-Trend_Stable,Oscillation
1986.0,Cyclic,Cyclic_Down-Trend_Diverging,Oscillation
1987.0,Linear,Linear_0,Linear_Growth
1988.0,Cyclic,Cyclic_No-Trend_Stable,Oscillation
1989.0,2,2_0,Positive_Exponential_Growth
1990.0,Cyclic,Cyclic_Up-Trend_Diverging,Oscillation
1991.0,Growth&Decline,Growth&Decline_0,Growth&Decline
1992.0,Cyclic,Cyclic_No-Trend_Indeterminate,Oscillation
1993.0,Growth&Decline,Growth&Decline_0,Growth&Decline
1994.0,Growth&Decline,Growth&Decline_0,Growth&Decline
1995.0,Cyclic,Cyclic_Down-Trend_Stable,Oscillation
1996.0,Linear,Linear_0,Linear_Growth
1997.0,Cyclic,Cyclic_No-Trend_Stable,Oscillation
1998.0,Growth&Decline,Growth&Decline_0,Growth&Decline
1999.0,1,1_0,Negative_Exponential_Growth
2000.0,Cyclic,Cyclic_Up-Trend_Stable,Oscillation
2001.0,Growth&Decline,Growth&Decline_0,Growth&Decline
2002.0,Cyclic,Cyclic_No-Trend_Stable,Oscillation
2003.0,Cyclic,Cyclic_Up-Trend_Stable,Oscillation
2004.0,Growth&Decline,Growth&Decline_0,Growth&Decline
2005.0,Cyclic,Cyclic_Up-Trend_Stable,Oscillation
2006.0,Growth&Decline,Growth&Decline_0,Growth&Decline
2007.0,3,3_0,Negative_Exponential_Growth
2008.0,Cyclic,Cyclic_No-Trend_Stable,Oscillation
2009.0,Cyclic,Cyclic_No-Trend_Stable,Oscillation
2010.0,Cyclic,Cyclic_Up-Trend_Stable,Oscillation
2011.0,Growth&Decline,Growth&Decline_1,Growth&Decline
2012.0,Cyclic,Cyclic_Up-Trend_Stable,Oscillation
2013.0,Cyclic,Cyclic_No-Trend_Stable,Oscillation
2014.0,3,3_0,S-shape_Growth
2015.0,Cyclic,Cyclic_No-Trend_Stable,Oscillation
2016.0,Cyclic,Cyclic_Down-Trend_Diverging,Oscillation
2017.0,Growth&Decline,Growth&Decline_1,Growth&Decline
2018.0,Cyclic,Cyclic_Down-Trend_Stable,Oscillation
2019.0,Linear,Linear_0,Linear_Growth
2020.0,3,3_0,S-shape_Growth
2021.0,1,1_1,Negative_Exponential_Growth
2022.0,3,3_0,S-shape_Growth
2023.0,Growth&Decline,Growth&Decline_1,Growth&Decline
2024.0,3,3_1,Negative_Exponential_Growth
2025.0,2,2_1,Positive_Exponential_Growth
2026.0,3,3_0,S-shape_Growth
2027.0,Cyclic,Cyclic_Up-Trend_Dampening,Oscillation
2028.0,Growth&Decline,Growth&Decline_1,Growth&Decline
2029.0,Cyclic,Cyclic_Up-Trend_Diverging,Oscillation
2030.0,Cyclic,Cyclic_Up-Trend_Dampening,Oscillation
2031.0,1,1_1,Negative_Exponential_Growth
2032.0,Cyclic,Cyclic_Down-Trend_Diverging,Oscillation
2033.0,Cyclic,Cyclic_Down-Trend_Dampening,Oscillation
2034.0,3,3_0,Negative_Exponential_Growth
2035.0,Growth&Decline,Growth&Decline_0,Growth&Decline
2036.0,Cyclic,Cyclic_No-Trend_Dampening,Oscillation
2037.0,3,3_0,S-shape_Growth
2038.0,2,2_1,Positive_Exponential_Growth
2039.0,Growth&Decline,Growth&Decline_0,Growth&Decline
2040.0,3,3_0,S-shape_Growth
2041.0,Cyclic,Cyclic_No-Trend_Indeterminate,Oscillation
2042.0,1,1_1,Negative_Exponential_Growth
2043.0,Linear,Linear_1,Linear_Growth
2044.0,3,3_1,S-shape_Growth
2045.0,Cyclic,Cyclic_No-Trend_Dampening,Oscillation
2046.0,Cyclic,Cyclic_No-Trend_Diverging,Oscillation
2047.0,3,3_0,S-shape_Growth
2048.0,Cyclic,Cyclic_Up-Trend_Indeterminate,Oscillation
2049.0,Linear,Linear_1,Linear_Growth
2050.0,Cyclic,Cyclic_No-Trend_Dampening,Oscillation
2051.0,3,3_1,Negative_Exponential_Growth
2052.0,Cyclic,Cyclic_No-Trend_Indeterminate,Oscillation
2053.0,2,2_0,Positive_Exponential_Growth
2054.0,Cyclic,Cyclic_Up-Trend_Dampening,Oscillation
2055.0,Linear,Linear_0,Linear_Growth
2056.0,Cyclic,Cyclic_No-Trend_Stable,Oscillation
2057.0,Cyclic,Cyclic_Down-Trend_Stable,Oscillation
2058.0,Growth&Decline,Growth&Decline_0,Growth&Decline
2059.0,Cyclic,Cyclic_No-Trend_Dampening,Oscillation
2060.0,Cyclic,Cyclic_Down-Trend_Stable,Oscillation
2061.0,Growth&Decline,Growth&Decline_0,Growth&Decline
2062.0,Cyclic,Cyclic_Up-Trend_Stable,Oscillation
2063.0,2,2_0,Positive_Exponential_Growth
2064.0,Linear,Linear_1,Linear_Growth
2065.0,Linear,Linear_0,Linear_Growth
2066.0,Cyclic,Cyclic_Up-Trend_Diverging,Oscillation
2067.0,Cyclic,Cyclic_No-Trend_Stable,Oscillation
2068.0,3,3_1,S-shape_Growth
2069.0,Growth&Decline,Growth&Decline_0,Growth&Decline
2070.0,Growth&Decline,Growth&Decline_0,Growth&Decline
2071.0,3,3_1,S-shape_Growth
2072.0,Growth&Decline,Growth&Decline_0,Growth&Decline
2073.0,Cyclic,Cyclic_No-Trend_Stable,Oscillation
2074.0,Cyclic,Cyclic_No-Trend_Stable,Oscillation
2075.0,Cyclic,Cyclic_Up-Trend_Diverging,Oscillation
2076.0,3,3_0,S-shape_Growth
2077.0,Cyclic,Cyclic_No-Trend_Dampening,Oscillation
2078.0,Cyclic,Cyclic_No-Trend_Stable,Oscillation
2079.0,Cyclic,Cyclic_Up-Trend_Diverging,Oscillation
2080.0,Cyclic,Cyclic_No-Trend_Stable,Oscillation
2081.0,3,3_1,S-shape_Growth
2082.0,2,2_0,Positive_Exponential_Growth
2083.0,Growth&Decline,Growth&Decline_0,Growth&Decline
2084.0,Growth&Decline,Growth&Decline_0,Growth&Decline
2085.0,Cyclic,Cyclic_Up-Trend_Diverging,Oscillation
2086.0,Growth&Decline,Growth&Decline_1,Growth&Decline
2087.0,Cyclic,Cyclic_Down-Trend_Stable,Oscillation
2088.0,3,3_1,S-shape_Growth
2089.0,Cyclic,Cyclic_No-Trend_Diverging,Oscillation
2090.0,Growth&Decline,Growth&Decline_1,Growth&Decline
2091.0,1,1_0,Negative_Exponential_Growth
2092.0,2,2_0,Positive_Exponential_Growth
2093.0,Growth&Decline,Growth&Decline_0,Growth&Decline
2094.0,Linear,Linear_0,Linear_Growth
2095.0,Cyclic,Cyclic_No-Trend_Stable,Oscillation
2096.0,3,3_1,Negative_Exponential_Growth
2097.0,Cyclic,Cyclic_Down-Trend_Stable,Oscillation
2098.0,Cyclic,Cyclic_Down-Trend_Diverging,Oscillation
2099.0,Cyclic,Cyclic_Down-Trend_Dampening,Oscillation
2100.0,Cyclic,Cyclic_Down-Trend_Stable,Oscillation
2101.0,Cyclic,Cyclic_Up-Trend_Indeterminate,Oscillation
2102.0,Growth&Decline,Growth&Decline_1,Growth&Decline
2103.0,Growth&Decline,Growth&Decline_1,Growth&Decline
2104.0,Cyclic,Cyclic_No-Trend_Diverging,Oscillation
2105.0,Growth&Decline,Growth&Decline_0,Growth&Decline
2106.0,Linear,Linear_0,Linear_Growth
2107.0,Growth&Decline,Growth&Decline_0,Growth&Decline
2108.0,Cyclic,Cyclic_No-Trend_Dampening,Oscillation
2109.0,Cyclic,Cyclic_Down-Trend_Indeterminate,Oscillation
2110.0,3,3_0,S-shape_Growth
2111.0,3,3_0,S-shape_Growth
2112.0,Cyclic,Cyclic_No-Trend_Diverging,Oscillation
2113.0,1,1_1,Negative_Exponential_Growth
2114.0,Cyclic,Cyclic_No-Trend_Dampening,Oscillation
2115.0,Cyclic,Cyclic_No-Trend_Stable,Oscillation
2116.0,3,3_1,Positive_Exponential_Growth
2117.0,Cyclic,Cyclic_No-Trend_Dampening,Oscillation
2118.0,Growth&Decline,Growth&Decline_0,Growth&Decline
2119.0,Cyclic,Cyclic_No-Trend_Stable,Oscillation
2120.0,3,3_1,Negative_Exponential_Growth
2121.0,3,3_0,Negative_Exponential_Growth
2122.0,Linear,Linear_1,Linear_Growth
2123.0,Cyclic,Cyclic_Down-Trend_Dampening,Oscillation
2124.0,Growth&Decline,Growth&Decline_0,Growth&Decline
2125.0,Cyclic,Cyclic_No-Trend_Stable,Oscillation
2126.0,Cyclic,Cyclic_No-Trend_Diverging,Oscillation
2127.0,Cyclic,Cyclic_Down-Trend_Dampening,Oscillation
2128.0,2,2_0,Positive_Exponential_Growth
2129.0,Cyclic,Cyclic_No-Trend_Dampening,Oscillation
2130.0,Growth&Decline,Growth&Decline_1,Growth&Decline
2131.0,1,1_0,Negative_Exponential_Growth
2132.0,Cyclic,Cyclic_Down-Trend_Stable,Oscillation
2133.0,Growth&Decline,Growth&Decline_1,Growth&Decline
2134.0,2,2_0,Positive_Exponential_Growth
2135.0,1,1_1,Negative_Exponential_Growth
2136.0,Cyclic,Cyclic_No-Trend_Dampening,Oscillation
2137.0,2,2_1,Positive_Exponential_Growth
2138.0,Cyclic,Cyclic_Down-Trend_Indeterminate,Oscillation
2139.0,Growth&Decline,Growth&Decline_1,Growth&Decline
2140.0,Growth&Decline,Growth&Decline_0,Growth&Decline
2141.0,3,3_0,S-shape_Growth
2142.0,Growth&Decline,Growth&Decline_1,Growth&Decline
2143.0,2,2_1,Positive_Exponential_Growth
2144.0,Growth&Decline,Growth&Decline_1,Growth&Decline
2145.0,Cyclic,Cyclic_No-Trend_Indeterminate,Oscillation
2146.0,Cyclic,Cyclic_Down-Trend_Dampening,Oscillation
2147.0,Cyclic,Cyclic_Up-Trend_Stable,Oscillation
2148.0,Cyclic,Cyclic_No-Trend_Dampening,Oscillation
2149.0,Cyclic,Cyclic_No-Trend_Stable,Oscillation
2150.0,Cyclic,Cyclic_Up-Trend_Diverging,Oscillation
2151.0,Cyclic,Cyclic_No-Trend_Stable,Oscillation
2152.0,Growth&Decline,Growth&Decline_0,Growth&Decline
2153.0,Cyclic,Cyclic_No-Trend_Diverging,Oscillation
2154.0,Linear,Linear_1,Linear_Growth
2155.0,Growth&Decline,Growth&Decline_0,Growth&Decline
2156.0,Cyclic,Cyclic_No-Trend_Diverging,Oscillation
2157.0,Growth&Decline,Growth&Decline_1,Growth&Decline
2158.0,3,3_0,S-shape_Growth
2159.0,Growth&Decline,Growth&Decline_0,Growth&Decline
2160.0,3,3_1,S-shape_Growth
2161.0,Growth&Decline,Growth&Decline_0,Growth&Decline
2162.0,Linear,Linear_1,Linear_Growth
2163.0,3,3_0,Negative_Exponential_Growth
2164.0,Linear,Linear_0,Linear_Growth
2165.0,Cyclic,Cyclic_Up-Trend_Diverging,Oscillation
2166.0,Cyclic,Cyclic_No-Trend_Diverging,Oscillation
2167.0,Cyclic,Cyclic_No-Trend_Stable,Oscillation
2168.0,Growth&Decline,Growth&Decline_1,Growth&Decline
2169.0,Cyclic,Cyclic_Down-Trend_Indeterminate,Oscillation
2170.0,Growth&Decline,Growth&Decline_0,Growth&Decline
2171.0,Cyclic,Cyclic_Up-Trend_Stable,Oscillation
2172.0,Growth&Decline,Growth&Decline_0,Growth&Decline
2173.0,Cyclic,Cyclic_No-Trend_Diverging,Oscillation
2174.0,Linear,Linear_1,Linear_Growth
2175.0,3,3_0,S-shape_Growth
2176.0,Cyclic,Cyclic_Up-Trend_Diverging,Oscillation
2177.0,Cyclic,Cyclic_Up-Trend_Indeterminate,Oscillation
2178.0,Growth&Decline,Growth&Decline_0,Growth&Decline
2179.0,Growth&Decline,Growth&Decline_0,Growth&Decline
2180.0,3,3_1,S-shape_Growth
2181.0,2,2_1,Positive_Exponential_Growth
2182.0,Linear,Linear_0,Linear_Growth
2183.0,Cyclic,Cyclic_Down-Trend_Diverging,Oscillation
2184.0,3,3_0,S-shape_Growth
2185.0,Growth&Decline,Growth&Decline_1,Growth&Decline
2186.0,Cyclic,Cyclic_No-Trend_Stable,Oscillation
2187.0,Growth&Decline,Growth&Decline_1,Growth&Decline
2188.0,Cyclic,Cyclic_No-Trend_Stable,Oscillation
2189.0,Cyclic,Cyclic_No-Trend_Diverging,Oscillation
2190.0,Growth&Decline,Growth&Decline_1,Growth&Decline
2191.0,Cyclic,Cyclic_No-Trend_Diverging,Oscillation
2192.0,Cyclic,Cyclic_Up-Trend_Stable,Oscillation
2193.0,Growth&Decline,Growth&Decline_0,Growth&Decline
2194.0,Growth&Decline,Growth&Decline_1,Growth&Decline
2195.0,3,3_0,S-shape_Growth
2196.0,2,2_1,Positive_Exponential_Growth
2197.0,Cyclic,Cyclic_No-Trend_Dampening,Oscillation
2198.0,3,3_0,S-shape_Growth
2199.0,Growth&Decline,Growth&Decline_1,Growth&Decline
2200.0,Growth&Decline,Growth&Decline_0,Growth&Decline
2201.0,2,2_0,Positive_Exponential_Growth
2202.0,2,2_0,Positive_Exponential_Growth
2203.0,3,3_1,S-shape_Growth
2204.0,Growth&Decline,Growth&Decline_0,Growth&Decline
2205.0,Cyclic,Cyclic_Down-Trend_Stable,Oscillation
2206.0,Cyclic,Cyclic_Up-Trend_Dampening,Oscillation
2207.0,Cyclic,Cyclic_No-Trend_Diverging,Oscillation
2208.0,Cyclic,Cyclic_No-Trend_Dampening,Oscillation
2209.0,Cyclic,Cyclic_Down-Trend_Dampening,Oscillation
2210.0,Linear,Linear_0,Linear_Growth
2211.0,1,1_1,Negative_Exponential_Growth
2212.0,Cyclic,Cyclic_Down-Trend_Indeterminate,Oscillation
2213.0,3,3_1,Negative_Exponential_Growth
2214.0,3,3_1,Negative_Exponential_Growth
2215.0,2,2_1,Positive_Exponential_Growth
2216.0,Cyclic,Cyclic_No-Trend_Stable,Oscillation
2217.0,3,3_1,Negative_Exponential_Growth
2218.0,Growth&Decline,Growth&Decline_1,Growth&Decline
2219.0,Linear,Linear_0,Linear_Growth
2220.0,3,3_1,S-shape_Growth
2221.0,3,3_1,S-shape_Growth
2222.0,Cyclic,Cyclic_Down-Trend_Stable,Oscillation
2223.0,Linear,Linear_0,Linear_Growth
2224.0,Cyclic,Cyclic_Down-Trend_Stable,Oscillation
2225.0,Growth&Decline,Growth&Decline_1,Growth&Decline
2226.0,Growth&Decline,Growth&Decline_0,Growth&Decline
2227.0,3,3_0,S-shape_Growth
2228.0,Growth&Decline,Growth&Decline_1,Growth&Decline
2229.0,Cyclic,Cyclic_Up-Trend_Stable,Oscillation
2230.0,Growth&Decline,Growth&Decline_1,Growth&Decline
2231.0,2,2_1,Positive_Exponential_Growth
2232.0,Cyclic,Cyclic_Down-Trend_Stable,Oscillation
2233.0,2,2_1,Positive_Exponential_Growth
2234.0,Cyclic,Cyclic_No-Trend_Indeterminate,Oscillation
2235.0,Cyclic,Cyclic_Down-Trend_Stable,Oscillation
2236.0,Cyclic,Cyclic_No-Trend_Diverging,Oscillation
2237.0,Growth&Decline,Growth&Decline_1,Growth&Decline
2238.0,3,3_1,S-shape_Growth
2239.0,Cyclic,Cyclic_No-Trend_Dampening,Oscillation
2240.0,1,1_0,Negative_Exponential_Growth
2241.0,Cyclic,Cyclic_Down-Trend_Stable,Oscillation
2242.0,1,1_0,Negative_Exponential_Growth
2243.0,Cyclic,Cyclic_Down-Trend_Diverging,Oscillation
2244.0,Linear,Linear_0,Linear_Growth
2245.0,3,3_0,S-shape_Growth
2246.0,Linear,Linear_0,Linear_Growth
2247.0,Growth&Decline,Growth&Decline_1,Growth&Decline
2248.0,Linear,Linear_1,Linear_Growth
2249.0,1,1_0,Negative_Exponential_Growth
2250.0,Growth&Decline,Growth&Decline_1,Growth&Decline
2251.0,Growth&Decline,Growth&Decline_1,Growth&Decline
2252.0,Growth&Decline,Growth&Decline_1,Growth&Decline
2253.0,2,2_1,Positive_Exponential_Growth
2254.0,Cyclic,Cyclic_No-Trend_Stable,Oscillation
2255.0,3,3_1,S-shape_Growth
2256.0,Cyclic,Cyclic_No-Trend_Dampening,Oscillation
2257.0,1,1_1,Negative_Exponential_Growth
2258.0,3,3_1,S-shape_Growth
2259.0,Linear,Linear_0,Linear_Growth
2260.0,Growth&Decline,Growth&Decline_0,Growth&Decline
2261.0,1,1_0,Negative_Exponential_Growth
2262.0,1,1_0,Negative_Exponential_Growth
2263.0,Cyclic,Cyclic_Down-Trend_Stable,Oscillation
2264.0,Growth&Decline,Growth&Decline_1,Growth&Decline
2265.0,Cyclic,Cyclic_No-Trend_Dampening,Oscillation
2266.0,Cyclic,Cyclic_Up-Trend_Dampening,Oscillation
2267.0,3,3_1,S-shape_Growth
2268.0,Growth&Decline,Growth&Decline_0,Growth&Decline
2269.0,Cyclic,Cyclic_No-Trend_Stable,Oscillation
2270.0,Growth&Decline,Growth&Decline_0,Growth&Decline
2271.0,Growth&Decline,Growth&Decline_1,Growth&Decline
2272.0,Cyclic,Cyclic_No-Trend_Diverging,Oscillation
2273.0,Cyclic,Cyclic_No-Trend_Diverging,Oscillation
2274.0,Cyclic,Cyclic_Up-Trend_Indeterminate,Oscillation
2275.0,Cyclic,Cyclic_Up-Trend_Diverging,Oscillation
2276.0,3,3_0,Negative_Exponential_Growth
2277.0,Cyclic,Cyclic_Up-Trend_Dampening,Oscillation
2278.0,Cyclic,Cyclic_Up-Trend_Stable,Oscillation
2279.0,2,2_1,Positive_Exponential_Growth
2280.0,3,3_1,Negative_Exponential_Growth
2281.0,Growth&Decline,Growth&Decline_1,Growth&Decline
2282.0,3,3_1,S-shape_Growth
2283.0,Cyclic,Cyclic_Down-Trend_Diverging,Oscillation
2284.0,Cyclic,Cyclic_Up-Trend_Stable,Oscillation
2285.0,Cyclic,Cyclic_No-Trend_Dampening,Oscillation
2286.0,Cyclic,Cyclic_Up-Trend_Diverging,Oscillation
2287.0,Cyclic,Cyclic_No-Trend_Stable,Oscillation
2288.0,Growth&Decline,Growth&Decline_0,Growth&Decline
2289.0,Cyclic,Cyclic_No-Trend_Dampening,Oscillation
2290.0,Cyclic,Cyclic_No-Trend_Indeterminate,Oscillation
2291.0,Cyclic,Cyclic_Up-Trend_Diverging,Oscillation
2292.0,3,3_0,S-shape_Growth
2293.0,3,3_1,S-shape_Growth
2294.0,Growth&Decline,Growth&Decline_0,Growth&Decline
2295.0,Growth&Decline,Growth&Decline_1,Growth&Decline
2296.0,Growth&Decline,Growth&Decline_0,Growth&Decline
2297.0,3,3_1,Negative_Exponential_Growth
2298.0,1,1_0,Negative_Exponential_Growth
2299.0,Cyclic,Cyclic_Down-Trend_Indeterminate,Oscillation
2300.0,Cyclic,Cyclic_No-Trend_Stable,Oscillation
2301.0,Linear,Linear_0,Linear_Growth
2302.0,Linear,Linear_1,Linear_Growth
2303.0,Linear,Linear_1,Linear_Growth
2304.0,1,1_1,Negative_Exponential_Growth
2305.0,2,2_1,Positive_Exponential_Growth
2306.0,Growth&Decline,Growth&Decline_0,Growth&Decline
2307.0,Cyclic,Cyclic_No-Trend_Dampening,Oscillation
2308.0,Cyclic,Cyclic_No-Trend_Stable,Oscillation
2309.0,3,3_0,S-shape_Growth
2310.0,Cyclic,Cyclic_Up-Trend_Dampening,Oscillation
2311.0,Cyclic,Cyclic_Down-Trend_Diverging,Oscillation
2312.0,Linear,Linear_0,Linear_Growth
2313.0,Cyclic,Cyclic_No-Trend_Diverging,Oscillation
2314.0,Cyclic,Cyclic_No-Trend_Diverging,Oscillation
2315.0,Linear,Linear_1,Linear_Growth
2316.0,Linear,Linear_0,Linear_Growth
2317.0,Cyclic,Cyclic_No-Trend_Dampening,Oscillation
2318.0,Growth&Decline,Growth&Decline_0,Growth&Decline
2319.0,Linear,Linear_1,Linear_Growth
2320.0,Cyclic,Cyclic_Up-Trend_Dampening,Oscillation
2321.0,Cyclic,Cyclic_Down-Trend_Stable,Oscillation
2322.0,3,3_1,S-shape_Growth
2323.0,2,2_0,Positive_Exponential_Growth
2324.0,Growth&Decline,Growth&Decline_0,Growth&Decline
2325.0,Cyclic,Cyclic_No-Trend_Indeterminate,Oscillation
2326.0,Growth&Decline,Growth&Decline_0,Growth&Decline
2327.0,Growth&Decline,Growth&Decline_0,Growth&Decline
2328.0,1,1_0,Negative_Exponential_Growth
2329.0,Cyclic,Cyclic_No-Trend_Dampening,Oscillation
2330.0,3,3_1,Negative_Exponential_Growth
2331.0,Growth&Decline,Growth&Decline_1,Growth&Decline
2332.0,Cyclic,Cyclic_Up-Trend_Stable,Oscillation
2333.0,Growth&Decline,Growth&Decline_0,Growth&Decline
2334.0,2,2_1,Positive_Exponential_Growth
2335.0,3,3_0,S-shape_Growth
2336.0,2,2_1,Positive_Exponential_Growth
2337.0,Linear,Linear_1,Linear_Growth
2338.0,Cyclic,Cyclic_Up-Trend_Diverging,Oscillation
2339.0,Growth&Decline,Growth&Decline_1,Growth&Decline
2340.0,Cyclic,Cyclic_No-Trend_Diverging,Oscillation
2341.0,1,1_1,Negative_Exponential_Growth
2342.0,Cyclic,Cyclic_No-Trend_Indeterminate,Oscillation
2343.0,Cyclic,Cyclic_No-Trend_Dampening,Oscillation
2344.0,Cyclic,Cyclic_Up-Trend_Stable,Oscillation
2345.0,Cyclic,Cyclic_No-Trend_Dampening,Oscillation
2346.0,Cyclic,Cyclic_Down-Trend_Diverging,Oscillation
2347.0,Cyclic,Cyclic_Up-Trend_Diverging,Oscillation
2348.0,Cyclic,Cyclic_Up-Trend_Dampening,Oscillation
2349.0,Growth&Decline,Growth&Decline_0,Growth&Decline
2350.0,Cyclic,Cyclic_Down-Trend_Indeterminate,Oscillation
2351.0,Cyclic,Cyclic_Up-Trend_Indeterminate,Oscillation
2352.0,Cyclic,Cyclic_No-Trend_Indeterminate,Oscillation
2353.0,Cyclic,Cyclic_Up-Trend_Indeterminate,Oscillation
2354.0,Growth&Decline,Growth&Decline_1,Growth&Decline
2355.0,Growth&Decline,Growth&Decline_1,Growth&Decline
2356.0,3,3_0,S-shape_Growth
2357.0,Linear,Linear_0,Linear_Growth
2358.0,Cyclic,Cyclic_No-Trend_Dampening,Oscillation
2359.0,3,3_0,S-shape_Growth
2360.0,Cyclic,Cyclic_Up-Trend_Stable,Oscillation
2361.0,Linear,Linear_0,Linear_Growth
2362.0,Growth&Decline,Growth&Decline_1,Growth&Decline
2363.0,Growth&Decline,Growth&Decline_0,Growth&Decline
2364.0,Growth&Decline,Growth&Decline_1,Growth&Decline
2365.0,Linear,Linear_0,Linear_Growth
2366.0,Cyclic,Cyclic_Down-Trend_Dampening,Oscillation
2367.0,Growth&Decline,Growth&Decline_0,Growth&Decline
2368.0,Cyclic,Cyclic_No-Trend_Dampening,Oscillation
2369.0,Cyclic,Cyclic_Up-Trend_Stable,Oscillation
2370.0,2,2_0,Positive_Exponential_Growth
2371.0,Linear,Linear_1,Linear_Growth
2372.0,Cyclic,Cyclic_No-Trend_Stable,Oscillation
2373.0,Cyclic,Cyclic_Up-Trend_Stable,Oscillation
2374.0,Growth&Decline,Growth&Decline_1,Growth&Decline
2375.0,Cyclic,Cyclic_Down-Trend_Diverging,Oscillation
2376.0,Cyclic,Cyclic_No-Trend_Diverging,Oscillation
2377.0,Linear,Linear_0,Linear_Growth
2378.0,Linear,Linear_1,Linear_Growth
2379.0,Cyclic,Cyclic_No-Trend_Stable,Oscillation
2380.0,Growth&Decline,Growth&Decline_0,Growth&Decline
2381.0,Cyclic,Cyclic_No-Trend_Stable,Oscillation
2382.0,Cyclic,Cyclic_Down-Trend_Stable,Oscillation
2383.0,Growth&Decline,Growth&Decline_1,Growth&Decline
2384.0,Growth&Decline,Growth&Decline_0,Growth&Decline
2385.0,3,3_0,S-shape_Growth
2386.0,Growth&Decline,Growth&Decline_1,Growth&Decline
2387.0,Cyclic,Cyclic_Up-Trend_Diverging,Oscillation
2388.0,Cyclic,Cyclic_Up-Trend_Dampening,Oscillation
2389.0,3,3_1,Negative_Exponential_Growth
2390.0,Growth&Decline,Growth&Decline_0,Growth&Decline
2391.0,3,3_0,S-shape_Growth
2392.0,Cyclic,Cyclic_No-Trend_Stable,Oscillation
2393.0,3,3_1,S-shape_Growth
2394.0,Cyclic,Cyclic_No-Trend_Diverging,Oscillation
2395.0,Cyclic,Cyclic_No-Trend_Stable,Oscillation
2396.0,3,3_1,Negative_Exponential_Growth
2397.0,Cyclic,Cyclic_No-Trend_Dampening,Oscillation
2398.0,Cyclic,Cyclic_Up-Trend_Stable,Oscillation
2399.0,Linear,Linear_0,Linear_Growth
2400.0,Cyclic,Cyclic_Down-Trend_Diverging,Oscillation
2401.0,3,3_0,S-shape_Growth
2402.0,Growth&Decline,Growth&Decline_0,Growth&Decline
2403.0,Growth&Decline,Growth&Decline_0,Growth&Decline
2404.0,Cyclic,Cyclic_No-Trend_Stable,Oscillation
2405.0,1,1_1,Negative_Exponential_Growth
2406.0,Cyclic,Cyclic_Down-Trend_Dampening,Oscillation
2407.0,Cyclic,Cyclic_No-Trend_Dampening,Oscillation
2408.0,Growth&Decline,Growth&Decline_1,Growth&Decline
2409.0,2,2_0,Positive_Exponential_Growth
2410.0,Cyclic,Cyclic_Up-Trend_Indeterminate,Oscillation
2411.0,Growth&Decline,Growth&Decline_0,Growth&Decline
2412.0,2,2_0,Positive_Exponential_Growth
2413.0,3,3_1,S-shape_Growth
2414.0,Cyclic,Cyclic_Down-Trend_Diverging,Oscillation
2415.0,Growth&Decline,Growth&Decline_1,Growth&Decline
2416.0,Cyclic,Cyclic_Up-Trend_Stable,Oscillation
2417.0,Cyclic,Cyclic_Up-Trend_Stable,Oscillation
2418.0,2,2_0,Positive_Exponential_Growth
2419.0,Cyclic,Cyclic_Up-Trend_Dampening,Oscillation
2420.0,Growth&Decline,Growth&Decline_0,Growth&Decline
2421.0,Growth&Decline,Growth&Decline_1,Growth&Decline
2422.0,Growth&Decline,Growth&Decline_0,Growth&Decline
2423.0,Growth&Decline,Growth&Decline_1,Growth&Decline
2424.0,1,1_0,Negative_Exponential_Growth
2425.0,Linear,Linear_0,Linear_Growth
2426.0,Growth&Decline,Growth&Decline_0,Growth&Decline
2427.0,Cyclic,Cyclic_No-Trend_Stable,Oscillation
2428.0,Cyclic,Cyclic_No-Trend_Stable,Oscillation
2429.0,Cyclic,Cyclic_Down-Trend_Diverging,Oscillation
2430.0,3,3_0,Negative_Exponential_Growth
2431.0,3,3_1,Negative_Exponential_Growth
2432.0,Cyclic,Cyclic_Up-Trend_Stable,Oscillation
2433.0,3,3_1,S-shape_Growth
2434.0,3,3_1,S-shape_Growth
2435.0,Linear,Linear_0,Linear_Growth
2436.0,3,3_0,S-shape_Growth
2437.0,Cyclic,Cyclic_Up-Trend_Indeterminate,Oscillation
2438.0,Cyclic,Cyclic_No-Trend_Indeterminate,Oscillation
2439.0,2,2_1,Positive_Exponential_Growth
2440.0,Growth&Decline,Growth&Decline_0,Growth&Decline
2441.0,Growth&Decline,Growth&Decline_0,Growth&Decline
2442.0,1,1_1,Negative_Exponential_Growth
2443.0,Cyclic,Cyclic_No-Trend_Dampening,Oscillation
2444.0,Cyclic,Cyclic_No-Trend_Indeterminate,Oscillation
2445.0,Growth&Decline,Growth&Decline_0,Growth&Decline
2446.0,Growth&Decline,Growth&Decline_0,Growth&Decline
2447.0,Cyclic,Cyclic_Up-Trend_Stable,Oscillation
2448.0,Growth&Decline,Growth&Decline_0,Growth&Decline
2449.0,Growth&Decline,Growth&Decline_1,Growth&Decline
2450.0,Growth&Decline,Growth&Decline_1,Growth&Decline
2451.0,1,1_1,Negative_Exponential_Growth
2452.0,Growth&Decline,Growth&Decline_1,Growth&Decline
2453.0,Cyclic,Cyclic_Down-Trend_Diverging,Oscillation
2454.0,Cyclic,Cyclic_No-Trend_Stable,Oscillation
2455.0,3,3_1,Negative_Exponential_Growth
2456.0,Growth&Decline,Growth&Decline_1,Growth&Decline
2457.0,1,1_1,Negative_Exponential_Growth
2458.0,1,1_0,Negative_Exponential_Growth
2459.0,Growth&Decline,Growth&Decline_0,Growth&Decline
2460.0,3,3_1,S-shape_Growth
2461.0,Growth&Decline,Growth&Decline_0,Growth&Decline
2462.0,Growth&Decline,Growth&Decline_1,Growth&Decline
2463.0,2,2_0,Positive_Exponential_Growth
2464.0,3,3_1,S-shape_Growth
2465.0,Cyclic,Cyclic_Down-Trend_Stable,Oscillation
2466.0,Linear,Linear_0,Linear_Growth
2467.0,3,3_0,Negative_Exponential_Growth
2468.0,3,3_0,S-shape_Growth
2469.0,Cyclic,Cyclic_No-Trend_Indeterminate,Oscillation
2470.0,Growth&Decline,Growth&Decline_0,Growth&Decline
2471.0,Cyclic,Cyclic_No-Trend_Stable,Oscillation
2472.0,Cyclic,Cyclic_No-Trend_Stable,Oscillation
2473.0,Cyclic,Cyclic_Down-Trend_Dampening,Oscillation
2474.0,Growth&Decline,Growth&Decline_0,Growth&Decline
2475.0,3,3_0,S-shape_Growth
2476.0,Cyclic,Cyclic_No-Trend_Dampening,Oscillation
2477.0,Cyclic,Cyclic_No-Trend_Diverging,Oscillation
2478.0,Growth&Decline,Growth&Decline_1,Growth&Decline
2479.0,Cyclic,Cyclic_No-Trend_Dampening,Oscillation
2480.0,Cyclic,Cyclic_Down-Trend_Stable,Oscillation
2481.0,3,3_1,S-shape_Growth
2482.0,Cyclic,Cyclic_Down-Trend_Indeterminate,Oscillation
2483.0,Cyclic,Cyclic_No-Trend_Dampening,Oscillation
2484.0,2,2_0,Positive_Exponential_Growth
2485.0,Cyclic,Cyclic_Down-Trend_Stable,Oscillation
2486.0,Cyclic,Cyclic_No-Trend_Diverging,Oscillation
2487.0,Growth&Decline,Growth&Decline_1,Growth&Decline
2488.0,Cyclic,Cyclic_No-Trend_Diverging,Oscillation
2489.0,Cyclic,Cyclic_No-Trend_Dampening,Oscillation
2490.0,Linear,Linear_1,Linear_Growth
2491.0,Cyclic,Cyclic_No-Trend_Dampening,Oscillation
2492.0,Cyclic,Cyclic_No-Trend_Diverging,Oscillation
2493.0,Cyclic,Cyclic_Down-Trend_Stable,Oscillation
2494.0,2,2_1,Positive_Exponential_Growth
2495.0,Cyclic,Cyclic_Up-Trend_Dampening,Oscillation
2496.0,Cyclic,Cyclic_No-Trend_Stable,Oscillation
2497.0,Cyclic,Cyclic_No-Trend_Indeterminate,Oscillation
2498.0,Cyclic,Cyclic_Down-Trend_Stable,Oscillation
2499.0,Cyclic,Cyclic_No-Trend_Stable,Oscillation
2500.0,Growth&Decline,Growth&Decline_0,Growth&Decline
2501.0,Cyclic,Cyclic_No-Trend_Diverging,Oscillation
2502.0,Cyclic,Cyclic_No-Trend_Stable,Oscillation
2503.0,3,3_1,Negative_Exponential_Growth
2504.0,2,2_0,Positive_Exponential_Growth
2505.0,Cyclic,Cyclic_Down-Trend_Dampening,Oscillation
2506.0,2,2_1,Positive_Exponential_Growth
2507.0,Growth&Decline,Growth&Decline_1,Growth&Decline
2508.0,Growth&Decline,Growth&Decline_0,Growth&Decline
2509.0,Cyclic,Cyclic_Up-Trend_Stable,Oscillation
2510.0,Growth&Decline,Growth&Decline_0,Growth&Decline
2511.0,Cyclic,Cyclic_Down-Trend_Stable,Oscillation
2512.0,Cyclic,Cyclic_Up-Trend_Dampening,Oscillation
2513.0,Growth&Decline,Growth&Decline_1,Growth&Decline
2514.0,Cyclic,Cyclic_No-Trend_Diverging,Oscillation
2515.0,Cyclic,Cyclic_No-Trend_Stable,Oscillation
2516.0,Linear,Linear_1,Linear_Growth
2517.0,Linear,Linear_0,Linear_Growth
2518.0,Cyclic,Cyclic_Down-Trend_Diverging,Oscillation
2519.0,Growth&Decline,Growth&Decline_1,Growth&Decline
2520.0,Growth&Decline,Growth&Decline_1,Growth&Decline
2521.0,2,2_0,Positive_Exponential_Growth
2522.0,Cyclic,Cyclic_Down-Trend_Indeterminate,Oscillation
2523.0,Linear,Linear_0,Linear_Growth
2524.0,3,3_0,Positive_Exponential_Growth
2525.0,Cyclic,Cyclic_Up-Trend_Dampening,Oscillation
2526.0,Cyclic,Cyclic_Up-Trend_Stable,Oscillation
2527.0,Growth&Decline,Growth&Decline_1,Growth&Decline
2528.0,2,2_1,Positive_Exponential_Growth
2529.0,Cyclic,Cyclic_Down-Trend_Stable,Oscillation
2530.0,Growth&Decline,Growth&Decline_0,Growth&Decline
2531.0,Cyclic,Cyclic_No-Trend_Indeterminate,Oscillation
2532.0,Growth&Decline,Growth&Decline_0,Growth&Decline
2533.0,Cyclic,Cyclic_Up-Trend_Stable,Oscillation
2534.0,Growth&Decline,Growth&Decline_0,Growth&Decline
2535.0,Cyclic,Cyclic_Down-Trend_Stable,Oscillation
2536.0,Cyclic,Cyclic_Up-Trend_Dampening,Oscillation
2537.0,1,1_1,Negative_Exponential_Growth
2538.0,Cyclic,Cyclic_No-Trend_Dampening,Oscillation
2539.0,Growth&Decline,Growth&Decline_0,Growth&Decline
2540.0,Cyclic,Cyclic_Down-Trend_Dampening,Oscillation
2541.0,Cyclic,Cyclic_Down-Trend_Stable,Oscillation
2542.0,Cyclic,Cyclic_Up-Trend_Diverging,Oscillation
2543.0,Cyclic,Cyclic_No-Trend_Dampening,Oscillation
2544.0,Growth&Decline,Growth&Decline_1,Growth&Decline
2545.0,Growth&Decline,Growth&Decline_1,Growth&Decline
2546.0,Cyclic,Cyclic_Down-Trend_Stable,Oscillation
2547.0,1,1_0,Negative_Exponential_Growth
2548.0,Linear,Linear_0,Linear_Growth
2549.0,Growth&Decline,Growth&Decline_1,Growth&Decline
2550.0,Cyclic,Cyclic_No-Trend_Stable,Oscillation
2551.0,1,1_1,Negative_Exponential_Growth
2552.0,Growth&Decline,Growth&Decline_0,Growth&Decline
2553.0,Cyclic,Cyclic_Down-Trend_Diverging,Oscillation
2554.0,Growth&Decline,Growth&Decline_0,Growth&Decline
2555.0,Cyclic,Cyclic_Up-Trend_Stable,Oscillation
2556.0,Cyclic,Cyclic_No-Trend_Stable,Oscillation
2557.0,Cyclic,Cyclic_Up-Trend_Dampening,Oscillation
2558.0,1,1_0,Negative_Exponential_Growth
2559.0,Growth&Decline,Growth&Decline_1,Growth&Decline
2560.0,Cyclic,Cyclic_No-Trend_Stable,Oscillation
2561.0,Cyclic,Cyclic_No-Trend_Stable,Oscillation
2562.0,Cyclic,Cyclic_Up-Trend_Stable,Oscillation
2563.0,1,1_1,Negative_Exponential_Growth
2564.0,Cyclic,Cyclic_Down-Trend_Dampening,Oscillation
2565.0,Growth&Decline,Growth&Decline_0,Growth&Decline
2566.0,Cyclic,Cyclic_Down-Trend_Stable,Oscillation
2567.0,Growth&Decline,Growth&Decline_0,Growth&Decline
2568.0,Cyclic,Cyclic_Down-Trend_Diverging,Oscillation
2569.0,Cyclic,Cyclic_Down-Trend_Stable,Oscillation
2570.0,1,1_1,Negative_Exponential_Growth
2571.0,Linear,Linear_1,Linear_Growth
2572.0,Cyclic,Cyclic_Down-Trend_Stable,Oscillation
2573.0,Linear,Linear_1,Linear_Growth
2574.0,Cyclic,Cyclic_No-Trend_Stable,Oscillation
2575.0,Cyclic,Cyclic_No-Trend_Indeterminate,Oscillation
2576.0,Cyclic,Cyclic_Up-Trend_Diverging,Oscillation
2577.0,Cyclic,Cyclic_No-Trend_Dampening,Oscillation
2578.0,3,3_0,S-shape_Growth
2579.0,Cyclic,Cyclic_Up-Trend_Stable,Oscillation
2580.0,Cyclic,Cyclic_No-Trend_Stable,Oscillation
2581.0,Growth&Decline,Growth&Decline_1,Growth&Decline
2582.0,3,3_1,Negative_Exponential_Growth
2583.0,Cyclic,Cyclic_Up-Trend_Stable,Oscillation
2584.0,1,1_1,Negative_Exponential_Growth
2585.0,Cyclic,Cyclic_No-Trend_Stable,Oscillation
2586.0,Growth&Decline,Growth&Decline_0,Growth&Decline
2587.0,Growth&Decline,Growth&Decline_1,Growth&Decline
2588.0,1,1_0,Negative_Exponential_Growth
2589.0,2,2_0,Positive_Exponential_Growth
2590.0,Cyclic,Cyclic_No-Trend_Diverging,Oscillation
2591.0,Cyclic,Cyclic_No-Trend_Diverging,Oscillation
2592.0,Cyclic,Cyclic_Down-Trend_Diverging,Oscillation
2593.0,Cyclic,Cyclic_Down-Trend_Diverging,Oscillation
2594.0,Cyclic,Cyclic_Down-Trend_Stable,Oscillation
2595.0,Cyclic,Cyclic_No-Trend_Dampening,Oscillation
2596.0,Cyclic,Cyclic_Down-Trend_Stable,Oscillation
2597.0,Cyclic,Cyclic_No-Trend_Stable,Oscillation
2598.0,Cyclic,Cyclic_No-Trend_Stable,Oscillation
2599.0,2,2_1,Positive_Exponential_Growth
2600.0,Growth&Decline,Growth&Decline_0,Growth&Decline
2601.0,Cyclic,Cyclic_No-Trend_Diverging,Oscillation
2602.0,Linear,Linear_1,Linear_Growth
2603.0,3,3_0,S-shape_Growth
2604.0,Cyclic,Cyclic_No-Trend_Stable,Oscillation
2605.0,Cyclic,Cyclic_No-Trend_Dampening,Oscillation
2606.0,Linear,Linear_0,Linear_Growth
2607.0,Growth&Decline,Growth&Decline_1,Growth&Decline
2608.0,Cyclic,Cyclic_Down-Trend_Dampening,Oscillation
2609.0,Cyclic,Cyclic_No-Trend_Diverging,Oscillation
2610.0,3,3_1,S-shape_Growth
2611.0,Growth&Decline,Growth&Decline_1,Growth&Decline
2612.0,Growth&Decline,Growth&Decline_1,Growth&Decline
2613.0,Growth&Decline,Growth&Decline_0,Growth&Decline
2614.0,2,2_0,Positive_Exponential_Growth
2615.0,3,3_0,Positive_Exponential_Growth
2616.0,Cyclic,Cyclic_Down-Trend_Dampening,Oscillation
2617.0,3,3_0,Negative_Exponential_Growth
2618.0,Cyclic,Cyclic_No-Trend_Dampening,Oscillation
2619.0,Cyclic,Cyclic_Up-Trend_Dampening,Oscillation
2620.0,Cyclic,Cyclic_Down-Trend_Stable,Oscillation
2621.0,Cyclic,Cyclic_No-Trend_Stable,Oscillation
2622.0,3,3_1,Negative_Exponential_Growth
2623.0,Cyclic,Cyclic_No-Trend_Stable,Oscillation
2624.0,Cyclic,Cyclic_No-Trend_Stable,Oscillation
2625.0,Cyclic,Cyclic_Down-Trend_Stable,Oscillation
2626.0,Cyclic,Cyclic_Up-Trend_Stable,Oscillation
2627.0,Cyclic,Cyclic_No-Trend_Stable,Oscillation
2628.0,Cyclic,Cyclic_Up-Trend_Diverging,Oscillation
2629.0,2,2_1,Positive_Exponential_Growth
2630.0,3,3_1,S-shape_Growth
2631.0,2,2_1,Positive_Exponential_Growth
2632.0,3,3_0,S-shape_Growth
2633.0,Cyclic,Cyclic_Down-Trend_Stable,Oscillation
2634.0,3,3_0,S-shape_Growth
2635.0,Cyclic,Cyclic_No-Trend_Stable,Oscillation
2636.0,1,1_0,Negative_Exponential_Growth
2637.0,2,2_1,Positive_Exponential_Growth
2638.0,Cyclic,Cyclic_Up-Trend_Dampening,Oscillation
2639.0,Cyclic,Cyclic_Up-Trend_Dampening,Oscillation
2640.0,Linear,Linear_0,Linear_Growth
2641.0,Linear,Linear_1,Linear_Growth
2642.0,Growth&Decline,Growth&Decline_0,Growth&Decline
2643.0,Growth&Decline,Growth&Decline_1,Growth&Decline
2644.0,Cyclic,Cyclic_No-Trend_Diverging,Oscillation
2645.0,Cyclic,Cyclic_No-Trend_Stable,Oscillation
2646.0,Cyclic,Cyclic_No-Trend_Stable,Oscillation
2647.0,1,1_0,Negative_Exponential_Growth
2648.0,Cyclic,Cyclic_Up-Trend_Diverging,Oscillation
2649.0,Linear,Linear_0,Linear_Growth
2650.0,Cyclic,Cyclic_Down-Trend_Indeterminate,Oscillation
2651.0,2,2_0,Positive_Exponential_Growth
2652.0,Linear,Linear_1,Linear_Growth
2653.0,Growth&Decline,Growth&Decline_0,Growth&Decline
2654.0,Growth&Decline,Growth&Decline_1,Growth&Decline
2655.0,Cyclic,Cyclic_Up-Trend_Stable,Oscillation
2656.0,Cyclic,Cyclic_Down-Trend_Dampening,Oscillation
2657.0,Growth&Decline,Growth&Decline_0,Growth&Decline
2658.0,Cyclic,Cyclic_No-Trend_Indeterminate,Oscillation
2659.0,Cyclic,Cyclic_Up-Trend_Stable,Oscillation
2660.0,2,2_1,Positive_Exponential_Growth
2661.0,3,3_0,S-shape_Growth
2662.0,Linear,Linear_1,Linear_Growth
2663.0,Cyclic,Cyclic_Up-Trend_Stable,Oscillation
2664.0,Cyclic,Cyclic_Up-Trend_Stable,Oscillation
2665.0,3,3_0,S-shape_Growth
2666.0,Growth&Decline,Growth&Decline_0,Growth&Decline
2667.0,Growth&Decline,Growth&Decline_0,Growth&Decline
2668.0,Growth&Decline,Growth&Decline_0,Growth&Decline
2669.0,Growth&Decline,Growth&Decline_1,Growth&Decline
2670.0,2,2_0,Positive_Exponential_Growth
2671.0,Growth&Decline,Growth&Decline_1,Growth&Decline
2672.0,Growth&Decline,Growth&Decline_1,Growth&Decline
2673.0,Growth&Decline,Growth&Decline_0,Growth&Decline
2674.0,Cyclic,Cyclic_No-Trend_Diverging,Oscillation
2675.0,Cyclic,Cyclic_No-Trend_Diverging,Oscillation
2676.0,1,1_1,Negative_Exponential_Growth
2677.0,Cyclic,Cyclic_No-Trend_Stable,Oscillation
2678.0,Cyclic,Cyclic_Down-Trend_Indeterminate,Oscillation
2679.0,Growth&Decline,Growth&Decline_0,Growth&Decline
2680.0,Growth&Decline,Growth&Decline_0,Growth&Decline
2681.0,Growth&Decline,Growth&Decline_0,Growth&Decline
2682.0,Cyclic,Cyclic_Down-Trend_Diverging,Oscillation
2683.0,Cyclic,Cyclic_No-Trend_Indeterminate,Oscillation
2684.0,Cyclic,Cyclic_Up-Trend_Dampening,Oscillation
2685.0,2,2_0,Positive_Exponential_Growth
2686.0,Cyclic,Cyclic_No-Trend_Stable,Oscillation
2687.0,Cyclic,Cyclic_No-Trend_Stable,Oscillation
2688.0,Growth&Decline,Growth&Decline_1,Growth&Decline
2689.0,3,3_0,S-shape_Growth
2690.0,Cyclic,Cyclic_No-Trend_Stable,Oscillation
2691.0,2,2_0,Positive_Exponential_Growth
2692.0,3,3_1,S-shape_Growth
2693.0,3,3_1,S-shape_Growth
2694.0,Growth&Decline,Growth&Decline_1,Growth&Decline
2695.0,Cyclic,Cyclic_Up-Trend_Dampening,Oscillation
2696.0,Cyclic,Cyclic_No-Trend_Dampening,Oscillation
2697.0,Cyclic,Cyclic_No-Trend_Diverging,Oscillation
2698.0,2,2_0,Positive_Exponential_Growth
2699.0,Growth&Decline,Growth&Decline_0,Growth&Decline
2700.0,Cyclic,Cyclic_No-Trend_Dampening,Oscillation
2701.0,3,3_0,S-shape_Growth
2702.0,Cyclic,Cyclic_Down-Trend_Diverging,Oscillation
2703.0,Growth&Decline,Growth&Decline_1,Growth&Decline
2704.0,Linear,Linear_0,Linear_Growth
2705.0,Growth&Decline,Growth&Decline_1,Growth&Decline
2706.0,Linear,Linear_0,Linear_Growth
2707.0,Cyclic,Cyclic_Down-Trend_Stable,Oscillation
2708.0,Cyclic,Cyclic_No-Trend_Diverging,Oscillation
2709.0,Growth&Decline,Growth&Decline_1,Growth&Decline
2710.0,Cyclic,Cyclic_No-Trend_Stable,Oscillation
2711.0,Cyclic,Cyclic_Up-Trend_Indeterminate,Oscillation
2712.0,3,3_1,Negative_Exponential_Growth
2713.0,Growth&Decline,Growth&Decline_0,Growth&Decline
2714.0,Cyclic,Cyclic_Up-Trend_Stable,Oscillation
2715.0,3,3_1,Negative_Exponential_Growth
2716.0,3,3_1,Negative_Exponential_Growth
2717.0,Growth&Decline,Growth&Decline_1,Growth&Decline
2718.0,Cyclic,Cyclic_Up-Trend_Diverging,Oscillation
2719.0,Growth&Decline,Growth&Decline_0,Growth&Decline
2720.0,Cyclic,Cyclic_Down-Trend_Stable,Oscillation
2721.0,Linear,Linear_0,Linear_Growth
2722.0,Cyclic,Cyclic_No-Trend_Indeterminate,Oscillation
2723.0,Linear,Linear_0,Linear_Growth
2724.0,Cyclic,Cyclic_Down-Trend_Diverging,Oscillation
2725.0,3,3_1,S-shape_Growth
2726.0,Cyclic,Cyclic_No-Trend_Stable,Oscillation
2727.0,Cyclic,Cyclic_No-Trend_Stable,Oscillation
2728.0,2,2_1,Positive_Exponential_Growth
2729.0,Linear,Linear_1,Linear_Growth
2730.0,Growth&Decline,Growth&Decline_0,Growth&Decline
2731.0,Growth&Decline,Growth&Decline_0,Growth&Decline
2732.0,Cyclic,Cyclic_Up-Trend_Dampening,Oscillation
2733.0,Cyclic,Cyclic_Up-Trend_Stable,Oscillation
2734.0,Growth&Decline,Growth&Decline_1,Growth&Decline
2735.0,2,2_0,Positive_Exponential_Growth
2736.0,Growth&Decline,Growth&Decline_0,Growth&Decline
2737.0,1,1_1,Negative_Exponential_Growth
2738.0,Growth&Decline,Growth&Decline_1,Growth&Decline
2739.0,Cyclic,Cyclic_Up-Trend_Diverging,Oscillation
2740.0,Cyclic,Cyclic_No-Trend_Stable,Oscillation
2741.0,Cyclic,Cyclic_Up-Trend_Dampening,Oscillation
2742.0,3,3_1,Negative_Exponential_Growth
2743.0,Cyclic,Cyclic_No-Trend_Dampening,Oscillation
2744.0,Growth&Decline,Growth&Decline_1,Growth&Decline
2745.0,Cyclic,Cyclic_Up-Trend_Diverging,Oscillation
2746.0,Growth&Decline,Growth&Decline_1,Growth&Decline
2747.0,Cyclic,Cyclic_Down-Trend_Indeterminate,Oscillation
2748.0,Cyclic,Cyclic_Down-Trend_Dampening,Oscillation
2749.0,3,3_0,S-shape_Growth
2750.0,3,3_1,S-shape_Growth
2751.0,3,3_0,Positive_Exponential_Growth
2752.0,Linear,Linear_0,Linear_Growth
2753.0,Cyclic,Cyclic_Up-Trend_Stable,Oscillation
2754.0,Growth&Decline,Growth&Decline_1,Growth&Decline
2755.0,Cyclic,Cyclic_Up-Trend_Stable,Oscillation
2756.0,Growth&Decline,Growth&Decline_0,Growth&Decline
2757.0,3,3_1,S-shape_Growth
2758.0,Cyclic,Cyclic_Up-Trend_Dampening,Oscillation
2759.0,Growth&Decline,Growth&Decline_0,Growth&Decline
2760.0,Cyclic,Cyclic_No-Trend_Diverging,Oscillation
2761.0,Growth&Decline,Growth&Decline_1,Growth&Decline
2762.0,1,1_0,Negative_Exponential_Growth
2763.0,Growth&Decline,Growth&Decline_0,Growth&Decline
2764.0,Cyclic,Cyclic_Down-Trend_Indeterminate,Oscillation
2765.0,2,2_1,Positive_Exponential_Growth
2766.0,2,2_0,Positive_Exponential_Growth
2767.0,Cyclic,Cyclic_Up-Trend_Indeterminate,Oscillation
2768.0,2,2_0,Positive_Exponential_Growth
2769.0,Cyclic,Cyclic_No-Trend_Dampening,Oscillation
2770.0,Cyclic,Cyclic_No-Trend_Dampening,Oscillation
2771.0,Growth&Decline,Growth&Decline_1,Growth&Decline
2772.0,1,1_1,Negative_Exponential_Growth
2773.0,Cyclic,Cyclic_Up-Trend_Stable,Oscillation
2774.0,Cyclic,Cyclic_No-Trend_Indeterminate,Oscillation
2775.0,Cyclic,Cyclic_No-Trend_Dampening,Oscillation
2776.0,3,3_1,Negative_Exponential_Growth
2777.0,Cyclic,Cyclic_Down-Trend_Dampening,Oscillation
2778.0,Cyclic,Cyclic_No-Trend_Stable,Oscillation
2779.0,Growth&Decline,Growth&Decline_0,Growth&Decline
2780.0,Growth&Decline,Growth&Decline_0,Growth&Decline
2781.0,Cyclic,Cyclic_No-Trend_Diverging,Oscillation
2782.0,Cyclic,Cyclic_No-Trend_Stable,Oscillation
2783.0,Cyclic,Cyclic_No-Trend_Indeterminate,Oscillation
2784.0,Growth&Decline,Growth&Decline_0,Growth&Decline
2785.0,Growth&Decline,Growth&Decline_0,Growth&Decline
2786.0,Cyclic,Cyclic_No-Trend_Indeterminate,Oscillation
2787.0,1,1_1,Negative_Exponential_Growth
2788.0,3,3_0,S-shape_Growth
2789.0,Growth&Decline,Growth&Decline_1,Growth&Decline
2790.0,Linear,Linear_0,Linear_Growth
2791.0,Cyclic,Cyclic_No-Trend_Indeterminate,Oscillation
2792.0,Growth&Decline,Growth&Decline_1,Growth&Decline
2793.0,Growth&Decline,Growth&Decline_1,Growth&Decline
2794.0,Cyclic,Cyclic_No-Trend_Stable,Oscillation
2795.0,Cyclic,Cyclic_No-Trend_Diverging,Oscillation
2796.0,Growth&Decline,Growth&Decline_0,Growth&Decline
2797.0,2,2_1,Positive_Exponential_Growth
2798.0,3,3_0,S-shape_Growth
2799.0,Cyclic,Cyclic_No-Trend_Diverging,Oscillation
2800.0,Growth&Decline,Growth&Decline_1,Growth&Decline
2801.0,Cyclic,Cyclic_Down-Trend_Stable,Oscillation
2802.0,Linear,Linear_1,Linear_Growth
2803.0,Growth&Decline,Growth&Decline_1,Growth&Decline
2804.0,Cyclic,Cyclic_Down-Trend_Stable,Oscillation
2805.0,Linear,Linear_0,Linear_Growth
2806.0,2,2_1,Positive_Exponential_Growth
2807.0,Growth&Decline,Growth&Decline_1,Growth&Decline
2808.0,Linear,Linear_1,Linear_Growth
2809.0,2,2_0,Positive_Exponential_Growth
2810.0,Cyclic,Cyclic_No-Trend_Stable,Oscillation
2811.0,Growth&Decline,Growth&Decline_0,Growth&Decline
2812.0,Cyclic,Cyclic_Down-Trend_Indeterminate,Oscillation
2813.0,Growth&Decline,Growth&Decline_0,Growth&Decline
2814.0,1,1_0,Negative_Exponential_Growth
2815.0,Cyclic,Cyclic_Down-Trend_Stable,Oscillation
2816.0,Growth&Decline,Growth&Decline_0,Growth&Decline
2817.0,Cyclic,Cyclic_No-Trend_Stable,Oscillation
2818.0,Linear,Linear_0,Linear_Growth
2819.0,Cyclic,Cyclic_Up-Trend_Dampening,Oscillation
2820.0,Growth&Decline,Growth&Decline_1,Growth&Decline
2821.0,3,3_1,Negative_Exponential_Growth
2822.0,Cyclic,Cyclic_Down-Trend_Diverging,Oscillation
2823.0,Cyclic,Cyclic_No-Trend_Dampening,Oscillation
2824.0,Cyclic,Cyclic_Up-Trend_Stable,Oscillation
2825.0,Growth&Decline,Growth&Decline_0,Growth&Decline
2826.0,Cyclic,Cyclic_Down-Trend_Stable,Oscillation
2827.0,2,2_1,Positive_Exponential_Growth
2828.0,Cyclic,Cyclic_Up-Trend_Indeterminate,Oscillation
2829.0,Cyclic,Cyclic_Down-Trend_Dampening,Oscillation
2830.0,Growth&Decline,Growth&Decline_1,Growth&Decline
2831.0,Linear,Linear_0,Linear_Growth
2832.0,Cyclic,Cyclic_No-Trend_Stable,Oscillation
2833.0,Cyclic,Cyclic_Up-Trend_Indeterminate,Oscillation
2834.0,Cyclic,Cyclic_No-Trend_Stable,Oscillation
2835.0,Cyclic,Cyclic_Down-Trend_Stable,Oscillation
2836.0,Cyclic,Cyclic_Down-Trend_Diverging,Oscillation
2837.0,3,3_1,Negative_Exponential_Growth
2838.0,Cyclic,Cyclic_Down-Trend_Dampening,Oscillation
2839.0,1,1_0,Negative_Exponential_Growth
2840.0,Cyclic,Cyclic_Down-Trend_Dampening,Oscillation
2841.0,2,2_0,Positive_Exponential_Growth
2842.0,Cyclic,Cyclic_Down-Trend_Stable,Oscillation
2843.0,3,3_1,S-shape_Growth
2844.0,Cyclic,Cyclic_Down-Trend_Diverging,Oscillation
2845.0,Cyclic,Cyclic_Up-Trend_Stable,Oscillation
2846.0,Growth&Decline,Growth&Decline_1,Growth&Decline
2847.0,Cyclic,Cyclic_No-Trend_Diverging,Oscillation
2848.0,Cyclic,Cyclic_Down-Trend_Dampening,Oscillation
2849.0,3,3_0,S-shape_Growth
2850.0,Growth&Decline,Growth&Decline_1,Growth&Decline
2851.0,2,2_0,Positive_Exponential_Growth
2852.0,Cyclic,Cyclic_No-Trend_Stable,Oscillation
2853.0,Cyclic,Cyclic_No-Trend_Stable,Oscillation
2854.0,Cyclic,Cyclic_No-Trend_Dampening,Oscillation
2855.0,1,1_1,Negative_Exponential_Growth
2856.0,Cyclic,Cyclic_Down-Trend_Stable,Oscillation
2857.0,2,2_1,Positive_Exponential_Growth
2858.0,2,2_1,Positive_Exponential_Growth
2859.0,Linear,Linear_1,Linear_Growth
2860.0,Growth&Decline,Growth&Decline_1,Growth&Decline
2861.0,Cyclic,Cyclic_Down-Trend_Dampening,Oscillation
2862.0,Cyclic,Cyclic_No-Trend_Diverging,Oscillation
2863.0,Cyclic,Cyclic_No-Trend_Stable,Oscillation
2864.0,Cyclic,Cyclic_Up-Trend_Dampening,Oscillation
2865.0,2,2_0,Positive_Exponential_Growth
2866.0,Growth&Decline,Growth&Decline_1,Growth&Decline
2867.0,Growth&Decline,Growth&Decline_0,Growth&Decline
2868.0,Cyclic,Cyclic_No-Trend_Indeterminate,Oscillation
2869.0,Linear,Linear_0,Linear_Growth
2870.0,Cyclic,Cyclic_No-Trend_Dampening,Oscillation
2871.0,Linear,Linear_0,Linear_Growth
2872.0,Cyclic,Cyclic_No-Trend_Stable,Oscillation
2873.0,3,3_0,S-shape_Growth
2874.0,Cyclic,Cyclic_No-Trend_Diverging,Oscillation
2875.0,3,3_0,S-shape_Growth
2876.0,Cyclic,Cyclic_No-Trend_Dampening,Oscillation
2877.0,Cyclic,Cyclic_No-Trend_Dampening,Oscillation
2878.0,Cyclic,Cyclic_Down-Trend_Stable,Oscillation
2879.0,Cyclic,Cyclic_No-Trend_Dampening,Oscillation
2880.0,3,3_1,S-shape_Growth
2881.0,Cyclic,Cyclic_Up-Trend_Diverging,Oscillation
2882.0,Cyclic,Cyclic_No-Trend_Indeterminate,Oscillation
2883.0,Growth&Decline,Growth&Decline_1,Growth&Decline
2884.0,3,3_0,S-shape_Growth
2885.0,Cyclic,Cyclic_Down-Trend_Stable,Oscillation
2886.0,3,3_0,Negative_Exponential_Growth
2887.0,Linear,Linear_0,Linear_Growth
2888.0,Growth&Decline,Growth&Decline_1,Growth&Decline
2889.0,2,2_1,Positive_Exponential_Growth
2890.0,Cyclic,Cyclic_Up-Trend_Indeterminate,Oscillation
2891.0,Growth&Decline,Growth&Decline_0,Growth&Decline
2892.0,3,3_0,S-shape_Growth
2893.0,1,1_0,Negative_Exponential_Growth
2894.0,Growth&Decline,Growth&Decline_0,Growth&Decline
2895.0,3,3_0,S-shape_Growth
2896.0,3,3_0,Positive_Exponential_Growth
2897.0,3,3_0,Negative_Exponential_Growth
2898.0,3,3_0,S-shape_Growth
2899.0,2,2_1,Positive_Exponential_Growth
2900.0,Growth&Decline,Growth&Decline_0,Growth&Decline
2901.0,Cyclic,Cyclic_No-Trend_Stable,Oscillation
2902.0,Cyclic,Cyclic_Down-Trend_Stable,Oscillation
2903.0,Cyclic,Cyclic_Down-Trend_Dampening,Oscillation
2904.0,Linear,Linear_1,Linear_Growth
2905.0,Growth&Decline,Growth&Decline_0,Growth&Decline
2906.0,2,2_1,Positive_Exponential_Growth
2907.0,3,3_0,S-shape_Growth
2908.0,Growth&Decline,Growth&Decline_0,Growth&Decline
2909.0,Cyclic,Cyclic_No-Trend_Diverging,Oscillation
2910.0,2,2_1,S-shape_Growth
2911.0,2,2_0,Positive_Exponential_Growth
2912.0,Cyclic,Cyclic_Up-Trend_Stable,Oscillation
2913.0,Cyclic,Cyclic_Up-Trend_Indeterminate,Oscillation
2914.0,Growth&Decline,Growth&Decline_0,Growth&Decline
2915.0,Growth&Decline,Growth&Decline_0,Growth&Decline
2916.0,3,3_1,S-shape_Growth
2917.0,1,1_0,Negative_Exponential_Growth
2918.0,Linear,Linear_0,Linear_Growth
2919.0,Growth&Decline,Growth&Decline_0,Growth&Decline
2920.0,Cyclic,Cyclic_Down-Trend_Indeterminate,Oscillation
2921.0,3,3_0,S-shape_Growth
2922.0,Growth&Decline,Growth&Decline_1,Growth&Decline
2923.0,Cyclic,Cyclic_No-Trend_Stable,Oscillation
2924.0,Cyclic,Cyclic_No-Trend_Diverging,Oscillation
2925.0,Growth&Decline,Growth&Decline_1,Growth&Decline
2926.0,Cyclic,Cyclic_No-Trend_Stable,Oscillation
2927.0,2,2_0,Positive_Exponential_Growth
2928.0,1,1_0,Negative_Exponential_Growth
2929.0,Cyclic,Cyclic_Up-Trend_Stable,Oscillation
2930.0,Cyclic,Cyclic_Down-Trend_Indeterminate,Oscillation
2931.0,Linear,Linear_0,Linear_Growth
2932.0,3,3_1,S-shape_Growth
2933.0,Linear,Linear_1,Linear_Growth
2934.0,Cyclic,Cyclic_Down-Trend_Diverging,Oscillation
2935.0,Cyclic,Cyclic_No-Trend_Diverging,Oscillation
2936.0,Linear,Linear_1,Linear_Growth
2937.0,Growth&Decline,Growth&Decline_1,Growth&Decline
2938.0,Linear,Linear_0,Linear_Growth
2939.0,Cyclic,Cyclic_Down-Trend_Dampening,Oscillation
2940.0,2,2_1,Positive_Exponential_Growth
2941.0,Cyclic,Cyclic_Down-Trend_Dampening,Oscillation
2942.0,1,1_0,Negative_Exponential_Growth
2943.0,Growth&Decline,Growth&Decline_0,Growth&Decline
2944.0,Cyclic,Cyclic_Down-Trend_Stable,Oscillation
2945.0,1,1_1,Negative_Exponential_Growth
2946.0,2,2_1,Positive_Exponential_Growth
2947.0,Cyclic,Cyclic_Up-Trend_Stable,Oscillation
2948.0,Cyclic,Cyclic_Up-Trend_Stable,Oscillation
2949.0,3,3_0,S-shape_Growth
2950.0,Cyclic,Cyclic_No-Trend_Diverging,Oscillation
2951.0,2,2_0,Positive_Exponential_Growth
2952.0,Cyclic,Cyclic_Down-Trend_Indeterminate,Oscillation
2953.0,Linear,Linear_0,Linear_Growth
2954.0,Growth&Decline,Growth&Decline_1,Growth&Decline
2955.0,Cyclic,Cyclic_Down-Trend_Dampening,Oscillation
2956.0,Cyclic,Cyclic_Down-Trend_Stable,Oscillation
2957.0,Cyclic,Cyclic_No-Trend_Indeterminate,Oscillation
2958.0,Growth&Decline,Growth&Decline_0,Growth&Decline
2959.0,Cyclic,Cyclic_No-Trend_Stable,Oscillation
2960.0,Cyclic,Cyclic_Up-Trend_Stable,Oscillation
2961.0,Cyclic,Cyclic_No-Trend_Stable,Oscillation
2962.0,Growth&Decline,Growth&Decline_0,Growth&Decline
2963.0,3,3_1,Negative_Exponential_Growth
2964.0,Growth&Decline,Growth&Decline_1,Growth&Decline
2965.0,Cyclic,Cyclic_No-Trend_Dampening,Oscillation
2966.0,2,2_0,Positive_Exponential_Growth
2967.0,Cyclic,Cyclic_Up-Trend_Dampening,Oscillation
2968.0,Linear,Linear_1,Linear_Growth
2969.0,Cyclic,Cyclic_No-Trend_Stable,Oscillation
2970.0,Growth&Decline,Growth&Decline_1,Growth&Decline
2971.0,3,3_1,Negative_Exponential_Growth
2972.0,3,3_0,Negative_Exponential_Growth
2973.0,2,2_1,Positive_Exponential_Growth
2974.0,Cyclic,Cyclic_Down-Trend_Stable,Oscillation
2975.0,Linear,Linear_0,Linear_Growth
2976.0,Cyclic,Cyclic_No-Trend_Stable,Oscillation
2977.0,Cyclic,Cyclic_No-Trend_Stable,Oscillation
2978.0,2,2_1,Positive_Exponential_Growth
2979.0,Cyclic,Cyclic_Up-Trend_Stable,Oscillation
2980.0,Growth&Decline,Growth&Decline_0,Growth&Decline
2981.0,Linear,Linear_0,Linear_Growth
2982.0,Growth&Decline,Growth&Decline_0,Growth&Decline
2983.0,Cyclic,Cyclic_No-Trend_Diverging,Oscillation
2984.0,Cyclic,Cyclic_No-Trend_Stable,Oscillation
2985.0,3,3_0,S-shape_Growth
2986.0,1,1_0,Negative_Exponential_Growth
2987.0,Growth&Decline,Growth&Decline_0,Growth&Decline
2988.0,Linear,Linear_1,Linear_Growth
2989.0,2,2_0,Positive_Exponential_Growth
2990.0,Growth&Decline,Growth&Decline_0,Growth&Decline
2991.0,3,3_1,Negative_Exponential_Growth
2992.0,Growth&Decline,Growth&Decline_0,Growth&Decline
2993.0,Cyclic,Cyclic_Up-Trend_Stable,Oscillation
2994.0,Growth&Decline,Growth&Decline_1,Growth&Decline
2995.0,Cyclic,Cyclic_No-Trend_Dampening,Oscillation
2996.0,Growth&Decline,Growth&Decline_1,Growth&Decline
2997.0,Linear,Linear_0,Linear_Growth
2998.0,Growth&Decline,Growth&Decline_1,Growth&Decline
2999.0,Cyclic,Cyclic_Up-Trend_Stable,Oscillation
3000.0,Growth&Decline,Growth&Decline_0,Growth&Decline
3001.0,Linear,Linear_0,Linear_Growth
3002.0,Cyclic,Cyclic_No-Trend_Dampening,Oscillation
3003.0,1,1_0,Negative_Exponential_Growth
3004.0,3,3_0,S-shape_Growth
3005.0,1,1_1,Negative_Exponential_Growth
3006.0,3,3_0,S-shape_Growth
3007.0,Cyclic,Cyclic_Up-Trend_Stable,Oscillation
3008.0,Growth&Decline,Growth&Decline_1,Growth&Decline
3009.0,1,1_1,Negative_Exponential_Growth
3010.0,Growth&Decline,Growth&Decline_1,Growth&Decline
3011.0,Growth&Decline,Growth&Decline_1,Growth&Decline
3012.0,Cyclic,Cyclic_No-Trend_Dampening,Oscillation
3013.0,2,2_1,Positive_Exponential_Growth
3014.0,Cyclic,Cyclic_No-Trend_Stable,Oscillation
3015.0,Cyclic,Cyclic_Up-Trend_Diverging,Oscillation
3016.0,Cyclic,Cyclic_No-Trend_Indeterminate,Oscillation
3017.0,Cyclic,Cyclic_Up-Trend_Diverging,Oscillation
3018.0,Growth&Decline,Growth&Decline_0,Growth&Decline
3019.0,3,3_0,Negative_Exponential_Growth
3020.0,3,3_0,S-shape_Growth
3021.0,Growth&Decline,Growth&Decline_1,Growth&Decline
3022.0,Cyclic,Cyclic_No-Trend_Indeterminate,Oscillation
3023.0,2,2_1,Positive_Exponential_Growth
3024.0,Growth&Decline,Growth&Decline_0,Growth&Decline
3025.0,Growth&Decline,Growth&Decline_1,Growth&Decline
3026.0,1,1_1,Negative_Exponential_Growth
3027.0,Linear,Linear_1,Linear_Growth
3028.0,2,2_0,Positive_Exponential_Growth
3029.0,Cyclic,Cyclic_Down-Trend_Stable,Oscillation
3030.0,Growth&Decline,Growth&Decline_0,Growth&Decline
3031.0,Cyclic,Cyclic_Up-Trend_Stable,Oscillation
3032.0,Linear,Linear_1,Linear_Growth
3033.0,Growth&Decline,Growth&Decline_0,Growth&Decline
3034.0,Cyclic,Cyclic_No-Trend_Indeterminate,Oscillation
3035.0,Growth&Decline,Growth&Decline_0,Growth&Decline
3036.0,Growth&Decline,Growth&Decline_1,Growth&Decline
3037.0,Growth&Decline,Growth&Decline_0,Growth&Decline
3038.0,Cyclic,Cyclic_No-Trend_Stable,Oscillation
3039.0,Linear,Linear_1,Linear_Growth
3040.0,Cyclic,Cyclic_Up-Trend_Stable,Oscillation
3041.0,1,1_0,Negative_Exponential_Growth
3042.0,Linear,Linear_1,Linear_Growth
3043.0,1,1_0,Negative_Exponential_Growth
3044.0,2,2_1,Positive_Exponential_Growth
3045.0,Linear,Linear_1,Linear_Growth
3046.0,Growth&Decline,Growth&Decline_0,Growth&Decline
3047.0,Cyclic,Cyclic_Down-Trend_Diverging,Oscillation
3048.0,2,2_1,Positive_Exponential_Growth
3049.0,Growth&Decline,Growth&Decline_0,Growth&Decline
3050.0,1,1_1,Negative_Exponential_Growth
3051.0,Cyclic,Cyclic_Down-Trend_Dampening,Oscillation
3052.0,Cyclic,Cyclic_No-Trend_Stable,Oscillation
3053.0,Cyclic,Cyclic_Up-Trend_Dampening,Oscillation
3054.0,2,2_0,Positive_Exponential_Growth
3055.0,Cyclic,Cyclic_Down-Trend_Diverging,Oscillation
3056.0,Cyclic,Cyclic_Down-Trend_Diverging,Oscillation
3057.0,1,1_0,Negative_Exponential_Growth
3058.0,Growth&Decline,Growth&Decline_0,Growth&Decline
3059.0,2,2_1,Positive_Exponential_Growth
3060.0,Linear,Linear_1,Linear_Growth
3061.0,2,2_1,Positive_Exponential_Growth
3062.0,Growth&Decline,Growth&Decline_1,Growth&Decline
3063.0,Growth&Decline,Growth&Decline_1,Growth&Decline
3064.0,3,3_0,Negative_Exponential_Growth
3065.0,Cyclic,Cyclic_Up-Trend_Diverging,Oscillation
3066.0,Cyclic,Cyclic_Down-Trend_Stable,Oscillation
3067.0,Cyclic,Cyclic_No-Trend_Indeterminate,Oscillation
3068.0,Linear,Linear_0,Linear_Growth
3069.0,Linear,Linear_0,Linear_Growth
3070.0,Growth&Decline,Growth&Decline_1,Growth&Decline
3071.0,Cyclic,Cyclic_No-Trend_Diverging,Oscillation
3072.0,Cyclic,Cyclic_No-Trend_Stable,Oscillation
3073.0,Cyclic,Cyclic_No-Trend_Dampening,Oscillation
3074.0,Linear,Linear_1,Linear_Growth
3075.0,2,2_0,Positive_Exponential_Growth
3076.0,Growth&Decline,Growth&Decline_1,Growth&Decline
3077.0,Cyclic,Cyclic_Down-Trend_Dampening,Oscillation
3078.0,Cyclic,Cyclic_Down-Trend_Stable,Oscillation
3079.0,Cyclic,Cyclic_No-Trend_Diverging,Oscillation
3080.0,Cyclic,Cyclic_No-Trend_Dampening,Oscillation
3081.0,1,1_1,Negative_Exponential_Growth
3082.0,Cyclic,Cyclic_No-Trend_Stable,Oscillation
3083.0,3,3_0,S-shape_Growth
3084.0,2,2_1,Positive_Exponential_Growth
3085.0,3,3_0,S-shape_Growth
3086.0,Growth&Decline,Growth&Decline_0,Growth&Decline
3087.0,Cyclic,Cyclic_Down-Trend_Diverging,Oscillation
3088.0,Linear,Linear_1,Linear_Growth
3089.0,Cyclic,Cyclic_Down-Trend_Diverging,Oscillation
3090.0,Cyclic,Cyclic_No-Trend_Stable,Oscillation
3091.0,Growth&Decline,Growth&Decline_0,Growth&Decline
3092.0,Cyclic,Cyclic_No-Trend_Stable,Oscillation
3093.0,1,1_0,Negative_Exponential_Growth
3094.0,Cyclic,Cyclic_Down-Trend_Stable,Oscillation
3095.0,Growth&Decline,Growth&Decline_1,Growth&Decline
3096.0,2,2_1,Positive_Exponential_Growth
3097.0,Growth&Decline,Growth&Decline_0,Growth&Decline
3098.0,Cyclic,Cyclic_Up-Trend_Indeterminate,Oscillation
3099.0,3,3_0,S-shape_Growth
3100.0,Cyclic,Cyclic_Up-Trend_Dampening,Oscillation
3101.0,Cyclic,Cyclic_No-Trend_Dampening,Oscillation
3102.0,Cyclic,Cyclic_Up-Trend_Indeterminate,Oscillation
3103.0,Cyclic,Cyclic_No-Trend_Diverging,Oscillation
3104.0,Linear,Linear_1,Linear_Growth
3105.0,Cyclic,Cyclic_Down-Trend_Stable,Oscillation
3106.0,Linear,Linear_1,Linear_Growth
3107.0,3,3_1,Negative_Exponential_Growth
3108.0,Growth&Decline,Growth&Decline_1,Growth&Decline
3109.0,Growth&Decline,Growth&Decline_0,Growth&Decline
3110.0,Cyclic,Cyclic_No-Trend_Stable,Oscillation
3111.0,Cyclic,Cyclic_No-Trend_Stable,Oscillation
3112.0,1,1_1,Negative_Exponential_Growth
3113.0,Cyclic,Cyclic_Up-Trend_Stable,Oscillation
3114.0,1,1_0,Negative_Exponential_Growth
3115.0,Cyclic,Cyclic_No-Trend_Diverging,Oscillation
3116.0,Cyclic,Cyclic_Up-Trend_Diverging,Oscillation
3117.0,Cyclic,Cyclic_No-Trend_Diverging,Oscillation
3118.0,2,2_0,Positive_Exponential_Growth
3119.0,Cyclic,Cyclic_No-Trend_Diverging,Oscillation
3120.0,Growth&Decline,Growth&Decline_1,Growth&Decline
3121.0,2,2_1,Positive_Exponential_Growth
3122.0,Growth&Decline,Growth&Decline_1,Growth&Decline
3123.0,Growth&Decline,Growth&Decline_1,Growth&Decline
3124.0,Growth&Decline,Growth&Decline_0,Growth&Decline
3125.0,2,2_0,Positive_Exponential_Growth
3126.0,Cyclic,Cyclic_No-Trend_Stable,Oscillation
3127.0,Cyclic,Cyclic_No-Trend_Diverging,Oscillation
3128.0,Cyclic,Cyclic_Up-Trend_Stable,Oscillation
3129.0,Linear,Linear_0,Linear_Growth
3130.0,3,3_1,S-shape_Growth
3131.0,2,2_0,Positive_Exponential_Growth
3132.0,Cyclic,Cyclic_Down-Trend_Dampening,Oscillation
3133.0,Cyclic,Cyclic_Down-Trend_Diverging,Oscillation
3134.0,Cyclic,Cyclic_No-Trend_Indeterminate,Oscillation
3135.0,Cyclic,Cyclic_No-Trend_Dampening,Oscillation
3136.0,1,1_0,Negative_Exponential_Growth
3137.0,3,3_1,S-shape_Growth
3138.0,1,1_0,Negative_Exponential_Growth
3139.0,Cyclic,Cyclic_No-Trend_Dampening,Oscillation
3140.0,Growth&Decline,Growth&Decline_1,Growth&Decline
3141.0,Growth&Decline,Growth&Decline_0,Growth&Decline
3142.0,3,3_0,Negative_Exponential_Growth
3143.0,Cyclic,Cyclic_Up-Trend_Dampening,Oscillation
3144.0,Growth&Decline,Growth&Decline_0,Growth&Decline
3145.0,Linear,Linear_1,Linear_Growth
3146.0,Cyclic,Cyclic_Up-Trend_Stable,Oscillation
3147.0,Cyclic,Cyclic_Down-Trend_Stable,Oscillation
3148.0,Linear,Linear_1,Linear_Growth
3149.0,Cyclic,Cyclic_No-Trend_Diverging,Oscillation
3150.0,Growth&Decline,Growth&Decline_0,Growth&Decline
3151.0,Growth&Decline,Growth&Decline_0,Growth&Decline
3152.0,Growth&Decline,Growth&Decline_0,Growth&Decline
3153.0,Growth&Decline,Growth&Decline_1,Growth&Decline
3154.0,Growth&Decline,Growth&Decline_1,Growth&Decline
3155.0,3,3_0,Negative_Exponential_Growth
3156.0,Growth&Decline,Growth&Decline_1,Growth&Decline
3157.0,Growth&Decline,Growth&Decline_1,Growth&Decline
3158.0,Cyclic,Cyclic_No-Trend_Dampening,Oscillation
3159.0,Cyclic,Cyclic_No-Trend_Stable,Oscillation
3160.0,Growth&Decline,Growth&Decline_0,Growth&Decline
3161.0,Growth&Decline,Growth&Decline_1,Growth&Decline
3162.0,1,1_0,Negative_Exponential_Growth
3163.0,Linear,Linear_1,Linear_Growth
3164.0,Growth&Decline,Growth&Decline_0,Growth&Decline
3165.0,Cyclic,Cyclic_No-Trend_Stable,Oscillation
3166.0,3,3_0,S-shape_Growth
3167.0,Linear,Linear_0,Linear_Growth
3168.0,2,2_0,Positive_Exponential_Growth
3169.0,Growth&Decline,Growth&Decline_0,Growth&Decline
3170.0,Cyclic,Cyclic_No-Trend_Indeterminate,Oscillation
3171.0,Cyclic,Cyclic_No-Trend_Stable,Oscillation
3172.0,3,3_1,S-shape_Growth
3173.0,3,3_1,Negative_Exponential_Growth
3174.0,2,2_1,Positive_Exponential_Growth
3175.0,Cyclic,Cyclic_Up-Trend_Dampening,Oscillation
3176.0,Growth&Decline,Growth&Decline_0,Growth&Decline
3177.0,3,3_1,S-shape_Growth
3178.0,Cyclic,Cyclic_Down-Trend_Diverging,Oscillation
3179.0,3,3_1,S-shape_Growth
3180.0,Growth&Decline,Growth&Decline_1,Growth&Decline
3181.0,Growth&Decline,Growth&Decline_0,Growth&Decline
3182.0,Cyclic,Cyclic_Up-Trend_Dampening,Oscillation
3183.0,Cyclic,Cyclic_No-Trend_Stable,Oscillation
3184.0,3,3_0,S-shape_Growth
3185.0,Cyclic,Cyclic_Down-Trend_Stable,Oscillation
3186.0,Growth&Decline,Growth&Decline_0,Growth&Decline
3187.0,3,3_1,S-shape_Growth
3188.0,Growth&Decline,Growth&Decline_1,Growth&Decline
3189.0,2,2_0,Positive_Exponential_Growth
3190.0,Cyclic,Cyclic_Up-Trend_Stable,Oscillation
3191.0,1,1_1,Negative_Exponential_Growth
3192.0,Growth&Decline,Growth&Decline_0,Growth&Decline
3193.0,3,3_0,S-shape_Growth
3194.0,Growth&Decline,Growth&Decline_0,Growth&Decline
3195.0,1,1_1,Negative_Exponential_Growth
3196.0,Cyclic,Cyclic_Down-Trend_Diverging,Oscillation
3197.0,Growth&Decline,Growth&Decline_0,Growth&Decline
3198.0,Cyclic,Cyclic_No-Trend_Stable,Oscillation
3199.0,3,3_0,S-shape_Growth
3200.0,2,2_1,Positive_Exponential_Growth
3201.0,Growth&Decline,Growth&Decline_0,Growth&Decline
3202.0,2,2_1,Positive_Exponential_Growth
3203.0,3,3_1,Negative_Exponential_Growth
3204.0,1,1_0,Negative_Exponential_Growth
3205.0,3,3_1,S-shape_Growth
3206.0,Cyclic,Cyclic_Down-Trend_Dampening,Oscillation
3207.0,3,3_0,Positive_Exponential_Growth
3208.0,Linear,Linear_1,Linear_Growth
3209.0,Cyclic,Cyclic_No-Trend_Diverging,Oscillation
3210.0,Cyclic,Cyclic_No-Trend_Stable,Oscillation
3211.0,3,3_1,S-shape_Growth
3212.0,Growth&Decline,Growth&Decline_1,Growth&Decline
3213.0,Growth&Decline,Growth&Decline_1,Growth&Decline
3214.0,Cyclic,Cyclic_Up-Trend_Stable,Oscillation
3215.0,Cyclic,Cyclic_No-Trend_Diverging,Oscillation
3216.0,1,1_1,Negative_Exponential_Growth
3217.0,Cyclic,Cyclic_Down-Trend_Stable,Oscillation
3218.0,Cyclic,Cyclic_No-Trend_Dampening,Oscillation
3219.0,Cyclic,Cyclic_Up-Trend_Diverging,Oscillation
3220.0,2,2_1,Positive_Exponential_Growth
3221.0,Growth&Decline,Growth&Decline_1,Growth&Decline
3222.0,Linear,Linear_1,Linear_Growth
3223.0,Cyclic,Cyclic_Up-Trend_Dampening,Oscillation
3224.0,Growth&Decline,Growth&Decline_1,Growth&Decline
3225.0,Growth&Decline,Growth&Decline_0,Growth&Decline
3226.0,Linear,Linear_0,Linear_Growth
3227.0,Linear,Linear_0,Linear_Growth
3228.0,2,2_1,Positive_Exponential_Growth
3229.0,Growth&Decline,Growth&Decline_0,Growth&Decline
3230.0,Growth&Decline,Growth&Decline_1,Growth&Decline
3231.0,3,3_0,Negative_Exponential_Growth
3232.0,2,2_1,Positive_Exponential_Growth
3233.0,Linear,Linear_0,Linear_Growth
3234.0,Cyclic,Cyclic_No-Trend_Stable,Oscillation
3235.0,Growth&Decline,Growth&Decline_1,Growth&Decline
3236.0,Cyclic,Cyclic_No-Trend_Dampening,Oscillation
3237.0,Growth&Decline,Growth&Decline_0,Growth&Decline
3238.0,3,3_0,S-shape_Growth
3239.0,3,3_1,S-shape_Growth
3240.0,Cyclic,Cyclic_Down-Trend_Diverging,Oscillation
3241.0,3,3_0,S-shape_Growth
3242.0,Cyclic,Cyclic_Down-Trend_Dampening,Oscillation
3243.0,Cyclic,Cyclic_Down-Trend_Dampening,Oscillation
3244.0,2,2_0,Positive_Exponential_Growth
3245.0,Growth&Decline,Growth&Decline_0,Growth&Decline
3246.0,Linear,Linear_1,Linear_Growth
3247.0,Cyclic,Cyclic_No-Trend_Diverging,Oscillation
3248.0,Cyclic,Cyclic_No-Trend_Stable,Oscillation
3249.0,Cyclic,Cyclic_Down-Trend_Stable,Oscillation
3250.0,3,3_0,S-shape_Growth
3251.0,Linear,Linear_0,Linear_Growth
3252.0,Cyclic,Cyclic_No-Trend_Diverging,Oscillation
3253.0,Cyclic,Cyclic_No-Trend_Stable,Oscillation
3254.0,3,3_0,S-shape_Growth
3255.0,Cyclic,Cyclic_No-Trend_Dampening,Oscillation
3256.0,Growth&Decline,Growth&Decline_0,Growth&Decline
3257.0,Cyclic,Cyclic_No-Trend_Indeterminate,Oscillation
3258.0,3,3_1,Negative_Exponential_Growth
3259.0,Cyclic,Cyclic_No-Trend_Indeterminate,Oscillation
3260.0,Cyclic,Cyclic_Down-Trend_Stable,Oscillation
3261.0,Linear,Linear_1,Linear_Growth
3262.0,Growth&Decline,Growth&Decline_1,Growth&Decline
3263.0,3,3_0,Negative_Exponential_Growth
3264.0,Cyclic,Cyclic_No-Trend_Indeterminate,Oscillation
3265.0,Cyclic,Cyclic_No-Trend_Stable,Oscillation
3266.0,Cyclic,Cyclic_No-Trend_Dampening,Oscillation
3267.0,Linear,Linear_1,Linear_Growth
3268.0,2,2_0,Positive_Exponential_Growth
3269.0,Growth&Decline,Growth&Decline_0,Growth&Decline
3270.0,Cyclic,Cyclic_No-Trend_Stable,Oscillation
3271.0,Growth&Decline,Growth&Decline_1,Growth&Decline
3272.0,1,1_0,Negative_Exponential_Growth
3273.0,3,3_0,Negative_Exponential_Growth
3274.0,Cyclic,Cyclic_No-Trend_Stable,Oscillation
3275.0,3,3_1,Negative_Exponential_Growth
3276.0,Cyclic,Cyclic_Down-Trend_Stable,Oscillation
3277.0,Growth&Decline,Growth&Decline_0,Growth&Decline
3278.0,Growth&Decline,Growth&Decline_0,Growth&Decline
3279.0,Cyclic,Cyclic_Down-Trend_Stable,Oscillation
3280.0,Linear,Linear_1,Linear_Growth
3281.0,Cyclic,Cyclic_No-Trend_Indeterminate,Oscillation
3282.0,3,3_0,S-shape_Growth
3283.0,Cyclic,Cyclic_No-Trend_Stable,Oscillation
3284.0,Cyclic,Cyclic_Up-Trend_Dampening,Oscillation
3285.0,1,1_1,Negative_Exponential_Growth
3286.0,Cyclic,Cyclic_No-Trend_Stable,Oscillation
3287.0,Cyclic,Cyclic_Down-Trend_Diverging,Oscillation
3288.0,Growth&Decline,Growth&Decline_0,Growth&Decline
3289.0,Growth&Decline,Growth&Decline_1,Growth&Decline
3290.0,Cyclic,Cyclic_No-Trend_Stable,Oscillation
3291.0,Growth&Decline,Growth&Decline_0,Growth&Decline
3292.0,Cyclic,Cyclic_Up-Trend_Stable,Oscillation
3293.0,Cyclic,Cyclic_No-Trend_Stable,Oscillation
3294.0,Cyclic,Cyclic_No-Trend_Diverging,Oscillation
3295.0,Growth&Decline,Growth&Decline_0,Growth&Decline
3296.0,Linear,Linear_0,Linear_Growth
3297.0,Cyclic,Cyclic_Down-Trend_Stable,Oscillation
3298.0,Growth&Decline,Growth&Decline_0,Growth&Decline
3299.0,Cyclic,Cyclic_Up-Trend_Stable,Oscillation
3300.0,Growth&Decline,Growth&Decline_1,Growth&Decline
3301.0,3,3_1,S-shape_Growth
3302.0,Growth&Decline,Growth&Decline_1,Growth&Decline
3303.0,2,2_0,Positive_Exponential_Growth
3304.0,Linear,Linear_1,Linear_Growth
3305.0,Growth&Decline,Growth&Decline_0,Growth&Decline
3306.0,Growth&Decline,Growth&Decline_0,Growth&Decline
3307.0,Cyclic,Cyclic_No-Trend_Stable,Oscillation
3308.0,Cyclic,Cyclic_No-Trend_Stable,Oscillation
3309.0,Growth&Decline,Growth&Decline_1,Growth&Decline
3310.0,Cyclic,Cyclic_No-Trend_Stable,Oscillation
3311.0,Cyclic,Cyclic_Down-Trend_Diverging,Oscillation
3312.0,3,3_0,S-shape_Growth
3313.0,Growth&Decline,Growth&Decline_0,Growth&Decline
3314.0,Cyclic,Cyclic_No-Trend_Indeterminate,Oscillation
3315.0,Linear,Linear_1,Linear_Growth
3316.0,3,3_1,S-shape_Growth
3317.0,Cyclic,Cyclic_Up-Trend_Stable,Oscillation
3318.0,Growth&Decline,Growth&Decline_0,Growth&Decline
3319.0,Cyclic,Cyclic_Down-Trend_Stable,Oscillation
3320.0,Growth&Decline,Growth&Decline_0,Growth&Decline
3321.0,Cyclic,Cyclic_No-Trend_Stable,Oscillation
3322.0,Cyclic,Cyclic_No-Trend_Stable,Oscillation
3323.0,Growth&Decline,Growth&Decline_0,Growth&Decline
3324.0,3,3_1,S-shape_Growth
3325.0,Cyclic,Cyclic_Up-Trend_Diverging,Oscillation
3326.0,Cyclic,Cyclic_Down-Trend_Dampening,Oscillation
3327.0,Growth&Decline,Growth&Decline_0,Growth&Decline
3328.0,Cyclic,Cyclic_No-Trend_Stable,Oscillation
3329.0,3,3_1,S-shape_Growth
3330.0,Growth&Decline,Growth&Decline_0,Growth&Decline
3331.0,2,2_0,Positive_Exponential_Growth
3332.0,Cyclic,Cyclic_Down-Trend_Stable,Oscillation
3333.0,Cyclic,Cyclic_No-Trend_Indeterminate,Oscillation
3334.0,3,3_1,Negative_Exponential_Growth
3335.0,Growth&Decline,Growth&Decline_1,Growth&Decline
3336.0,Cyclic,Cyclic_No-Trend_Dampening,Oscillation
3337.0,Growth&Decline,Growth&Decline_1,Growth&Decline
3338.0,Linear,Linear_0,Linear_Growth
3339.0,Cyclic,Cyclic_Up-Trend_Dampening,Oscillation
3340.0,Cyclic,Cyclic_No-Trend_Indeterminate,Oscillation
3341.0,Cyclic,Cyclic_No-Trend_Dampening,Oscillation
3342.0,Growth&Decline,Growth&Decline_0,Growth&Decline
3343.0,Growth&Decline,Growth&Decline_0,Growth&Decline
3344.0,Linear,Linear_0,Linear_Growth
3345.0,Cyclic,Cyclic_Down-Trend_Indeterminate,Oscillation
3346.0,Cyclic,Cyclic_Down-Trend_Indeterminate,Oscillation
3347.0,Growth&Decline,Growth&Decline_1,Growth&Decline
3348.0,Cyclic,Cyclic_No-Trend_Indeterminate,Oscillation
3349.0,2,2_1,Positive_Exponential_Growth
3350.0,3,3_0,S-shape_Growth
3351.0,Linear,Linear_0,Linear_Growth
3352.0,Cyclic,Cyclic_Down-Trend_Stable,Oscillation
3353.0,3,3_0,Positive_Exponential_Growth
3354.0,Cyclic,Cyclic_No-Trend_Diverging,Oscillation
3355.0,3,3_0,Negative_Exponential_Growth
3356.0,3,3_0,S-shape_Growth
3357.0,Linear,Linear_1,Linear_Growth
3358.0,Cyclic,Cyclic_No-Trend_Indeterminate,Oscillation
3359.0,Linear,Linear_1,Linear_Growth
3360.0,Linear,Linear_1,Linear_Growth
3361.0,Growth&Decline,Growth&Decline_0,Growth&Decline
3362.0,1,1_0,Negative_Exponential_Growth
3363.0,Cyclic,Cyclic_Up-Trend_Dampening,Oscillation
3364.0,Cyclic,Cyclic_No-Trend_Stable,Oscillation
3365.0,Cyclic,Cyclic_Up-Trend_Stable,Oscillation
3366.0,Cyclic,Cyclic_No-Trend_Stable,Oscillation
3367.0,Cyclic,Cyclic_No-Trend_Stable,Oscillation
3368.0,Cyclic,Cyclic_Down-Trend_Dampening,Oscillation
3369.0,3,3_1,Negative_Exponential_Growth
3370.0,2,2_1,Positive_Exponential_Growth
3371.0,3,3_1,S-shape_Growth
3372.0,2,2_1,Positive_Exponential_Growth
3373.0,Cyclic,Cyclic_Up-Trend_Stable,Oscillation
3374.0,Linear,Linear_0,Linear_Growth
3375.0,Cyclic,Cyclic_No-Trend_Stable,Oscillation
3376.0,3,3_0,S-shape_Growth
3377.0,2,2_0,Positive_Exponential_Growth
3378.0,1,1_1,Negative_Exponential_Growth
3379.0,Cyclic,Cyclic_Down-Trend_Diverging,Oscillation
3380.0,3,3_0,S-shape_Growth
3381.0,Cyclic,Cyclic_No-Trend_Dampening,Oscillation
3382.0,Cyclic,Cyclic_No-Trend_Indeterminate,Oscillation
3383.0,Cyclic,Cyclic_No-Trend_Stable,Oscillation
3384.0,Linear,Linear_1,Linear_Growth
3385.0,Cyclic,Cyclic_Down-Trend_Dampening,Oscillation
3386.0,Growth&Decline,Growth&Decline_1,Growth&Decline
3387.0,Linear,Linear_1,Linear_Growth
3388.0,2,2_1,Positive_Exponential_Growth
3389.0,Cyclic,Cyclic_No-Trend_Dampening,Oscillation
3390.0,Growth&Decline,Growth&Decline_1,Growth&Decline
3391.0,Growth&Decline,Growth&Decline_1,Growth&Decline
3392.0,Growth&Decline,Growth&Decline_0,Growth&Decline
3393.0,Growth&Decline,Growth&Decline_1,Growth&Decline
3394.0,Cyclic,Cyclic_No-Trend_Stable,Oscillation
3395.0,1,1_0,Negative_Exponential_Growth
3396.0,Cyclic,Cyclic_No-Trend_Stable,Oscillation
3397.0,Growth&Decline,Growth&Decline_0,Growth&Decline
3398.0,3,3_0,S-shape_Growth
3399.0,Cyclic,Cyclic_No-Trend_Stable,Oscillation
3400.0,Linear,Linear_0,Linear_Growth
3401.0,Cyclic,Cyclic_Down-Trend_Stable,Oscillation
3402.0,Growth&Decline,Growth&Decline_1,Growth&Decline
3403.0,Cyclic,Cyclic_No-Trend_Stable,Oscillation
3404.0,Cyclic,Cyclic_No-Trend_Stable,Oscillation
3405.0,2,2_1,Positive_Exponential_Growth
3406.0,1,1_1,Negative_Exponential_Growth
3407.0,Growth&Decline,Growth&Decline_0,Growth&Decline
3408.0,Growth&Decline,Growth&Decline_1,Growth&Decline
3409.0,Cyclic,Cyclic_Up-Trend_Stable,Oscillation
3410.0,Growth&Decline,Growth&Decline_0,Growth&Decline
3411.0,Growth&Decline,Growth&Decline_1,Growth&Decline
3412.0,2,2_1,Positive_Exponential_Growth
3413.0,Cyclic,Cyclic_No-Trend_Stable,Oscillation
3414.0,Cyclic,Cyclic_Up-Trend_Stable,Oscillation
3415.0,Cyclic,Cyclic_Down-Trend_Dampening,Oscillation
3416.0,Cyclic,Cyclic_Down-Trend_Stable,Oscillation
3417.0,Cyclic,Cyclic_Down-Trend_Indeterminate,Oscillation
3418.0,Growth&Decline,Growth&Decline_0,Growth&Decline
3419.0,Growth&Decline,Growth&Decline_1,Growth&Decline
3420.0,Growth&Decline,Growth&Decline_0,Growth&Decline
3421.0,Growth&Decline,Growth&Decline_0,Growth&Decline
3422.0,Cyclic,Cyclic_Up-Trend_Stable,Oscillation
3423.0,Cyclic,Cyclic_Down-Trend_Diverging,Oscillation
3424.0,1,1_0,Negative_Exponential_Growth
3425.0,Cyclic,Cyclic_Down-Trend_Stable,Oscillation
3426.0,Cyclic,Cyclic_No-Trend_Stable,Oscillation
3427.0,3,3_1,Negative_Exponential_Growth
3428.0,Growth&Decline,Growth&Decline_0,Growth&Decline
3429.0,Growth&Decline,Growth&Decline_0,Growth&Decline
3430.0,3,3_0,S-shape_Growth
3431.0,Cyclic,Cyclic_Down-Trend_Diverging,Oscillation
3432.0,1,1_1,Negative_Exponential_Growth
3433.0,Cyclic,Cyclic_Down-Trend_Dampening,Oscillation
3434.0,Cyclic,Cyclic_Down-Trend_Indeterminate,Oscillation
3435.0,Cyclic,Cyclic_No-Trend_Stable,Oscillation
3436.0,Cyclic,Cyclic_No-Trend_Stable,Oscillation
3437.0,Cyclic,Cyclic_Down-Trend_Stable,Oscillation
3438.0,Cyclic,Cyclic_No-Trend_Stable,Oscillation
3439.0,1,1_0,Negative_Exponential_Growth
3440.0,Linear,Linear_1,Linear_Growth
3441.0,Cyclic,Cyclic_Up-Trend_Stable,Oscillation
3442.0,Growth&Decline,Growth&Decline_0,Growth&Decline
3443.0,1,1_1,Negative_Exponential_Growth
3444.0,Linear,Linear_1,Linear_Growth
3445.0,Cyclic,Cyclic_Down-Trend_Dampening,Oscillation
3446.0,3,3_0,S-shape_Growth
3447.0,Cyclic,Cyclic_Down-Trend_Dampening,Oscillation
3448.0,Cyclic,Cyclic_No-Trend_Stable,Oscillation
3449.0,Cyclic,Cyclic_Up-Trend_Stable,Oscillation
3450.0,Cyclic,Cyclic_No-Trend_Diverging,Oscillation
3451.0,Linear,Linear_1,Linear_Growth
3452.0,Growth&Decline,Growth&Decline_0,Growth&Decline
3453.0,Cyclic,Cyclic_Down-Trend_Indeterminate,Oscillation
3454.0,Cyclic,Cyclic_No-Trend_Stable,Oscillation
3455.0,Cyclic,Cyclic_No-Trend_Dampening,Oscillation
3456.0,Cyclic,Cyclic_No-Trend_Stable,Oscillation
3457.0,3,3_0,S-shape_Growth
3458.0,Growth&Decline,Growth&Decline_1,Growth&Decline
3459.0,Cyclic,Cyclic_No-Trend_Indeterminate,Oscillation
3460.0,Cyclic,Cyclic_Down-Trend_Dampening,Oscillation
3461.0,3,3_1,Negative_Exponential_Growth
3462.0,Growth&Decline,Growth&Decline_0,Growth&Decline
3463.0,1,1_1,Negative_Exponential_Growth
3464.0,Cyclic,Cyclic_No-Trend_Diverging,Oscillation
3465.0,1,1_1,Negative_Exponential_Growth
3466.0,Growth&Decline,Growth&Decline_0,Growth&Decline
3467.0,Cyclic,Cyclic_Down-Trend_Dampening,Oscillation
3468.0,Growth&Decline,Growth&Decline_1,Growth&Decline
3469.0,Cyclic,Cyclic_Up-Trend_Stable,Oscillation
3470.0,Cyclic,Cyclic_Up-Trend_Stable,Oscillation
3471.0,Cyclic,Cyclic_Down-Trend_Stable,Oscillation
3472.0,1,1_0,Negative_Exponential_Growth
3473.0,Cyclic,Cyclic_Down-Trend_Diverging,Oscillation
3474.0,Cyclic,Cyclic_No-Trend_Indeterminate,Oscillation
3475.0,Cyclic,Cyclic_Down-Trend_Diverging,Oscillation
3476.0,Linear,Linear_0,Linear_Growth
3477.0,Growth&Decline,Growth&Decline_0,Growth&Decline
3478.0,Cyclic,Cyclic_Up-Trend_Stable,Oscillation
3479.0,Growth&Decline,Growth&Decline_0,Growth&Decline
3480.0,Cyclic,Cyclic_No-Trend_Diverging,Oscillation
3481.0,2,2_1,Positive_Exponential_Growth
3482.0,Linear,Linear_0,Linear_Growth
3483.0,Cyclic,Cyclic_No-Trend_Stable,Oscillation
3484.0,Growth&Decline,Growth&Decline_0,Growth&Decline
3485.0,Linear,Linear_0,Linear_Growth
3486.0,Cyclic,Cyclic_Up-Trend_Indeterminate,Oscillation
3487.0,3,3_0,S-shape_Growth
3488.0,3,3_0,S-shape_Growth
3489.0,Growth&Decline,Growth&Decline_0,Growth&Decline
3490.0,2,2_0,Positive_Exponential_Growth
3491.0,Cyclic,Cyclic_Up-Trend_Stable,Oscillation
3492.0,Cyclic,Cyclic_No-Trend_Diverging,Oscillation
3493.0,Cyclic,Cyclic_Up-Trend_Stable,Oscillation
3494.0,1,1_1,Negative_Exponential_Growth
3495.0,Cyclic,Cyclic_Up-Trend_Diverging,Oscillation
3496.0,Cyclic,Cyclic_Down-Trend_Indeterminate,Oscillation
3497.0,3,3_0,S-shape_Growth
3498.0,Cyclic,Cyclic_Up-Trend_Indeterminate,Oscillation
3499.0,Linear,Linear_1,Linear_Growth
3500.0,Growth&Decline,Growth&Decline_1,Growth&Decline
3501.0,Cyclic,Cyclic_No-Trend_Stable,Oscillation
3502.0,3,3_0,S-shape_Growth
3503.0,Cyclic,Cyclic_No-Trend_Indeterminate,Oscillation
3504.0,Growth&Decline,Growth&Decline_1,Growth&Decline
3505.0,3,3_0,S-shape_Growth
3506.0,Cyclic,Cyclic_No-Trend_Stable,Oscillation
3507.0,Growth&Decline,Growth&Decline_0,Growth&Decline
3508.0,Cyclic,Cyclic_No-Trend_Stable,Oscillation
3509.0,3,3_1,Negative_Exponential_Growth
3510.0,Growth&Decline,Growth&Decline_1,Growth&Decline
3511.0,Cyclic,Cyclic_Up-Trend_Stable,Oscillation
3512.0,3,3_1,S-shape_Growth
3513.0,Linear,Linear_1,Linear_Growth
3514.0,1,1_1,Negative_Exponential_Growth
3515.0,3,3_1,Negative_Exponential_Growth
3516.0,Cyclic,Cyclic_No-Trend_Stable,Oscillation
3517.0,Cyclic,Cyclic_No-Trend_Stable,Oscillation
3518.0,Cyclic,Cyclic_No-Trend_Dampening,Oscillation
3519.0,Cyclic,Cyclic_No-Trend_Stable,Oscillation
3520.0,2,2_1,Positive_Exponential_Growth
3521.0,Cyclic,Cyclic_No-Trend_Diverging,Oscillation
3522.0,Cyclic,Cyclic_Up-Trend_Stable,Oscillation
3523.0,Cyclic,Cyclic_No-Trend_Diverging,Oscillation
3524.0,2,2_1,Positive_Exponential_Growth
3525.0,Cyclic,Cyclic_Down-Trend_Stable,Oscillation
3526.0,Growth&Decline,Growth&Decline_0,Growth&Decline
3527.0,Cyclic,Cyclic_Up-Trend_Stable,Oscillation
3528.0,Growth&Decline,Growth&Decline_1,Growth&Decline
3529.0,Growth&Decline,Growth&Decline_0,Growth&Decline
3530.0,1,1_0,Negative_Exponential_Growth
3531.0,1,1_1,Negative_Exponential_Growth
3532.0,2,2_1,Positive_Exponential_Growth
3533.0,Cyclic,Cyclic_No-Trend_Diverging,Oscillation
3534.0,Cyclic,Cyclic_Down-Trend_Indeterminate,Oscillation
3535.0,Growth&Decline,Growth&Decline_0,Growth&Decline
3536.0,Growth&Decline,Growth&Decline_1,Growth&Decline
3537.0,Growth&Decline,Growth&Decline_1,Growth&Decline
3538.0,Linear,Linear_1,Linear_Growth
3539.0,Cyclic,Cyclic_No-Trend_Stable,Oscillation
3540.0,Cyclic,Cyclic_Down-Trend_Stable,Oscillation
3541.0,Cyclic,Cyclic_No-Trend_Indeterminate,Oscillation
3542.0,Cyclic,Cyclic_Up-Trend_Stable,Oscillation
3543.0,Linear,Linear_1,Linear_Growth
3544.0,Cyclic,Cyclic_No-Trend_Dampening,Oscillation
3545.0,Cyclic,Cyclic_No-Trend_Indeterminate,Oscillation
3546.0,Cyclic,Cyclic_Up-Trend_Stable,Oscillation
3547.0,Cyclic,Cyclic_No-Trend_Indeterminate,Oscillation
3548.0,Growth&Decline,Growth&Decline_1,Growth&Decline
3549.0,Linear,Linear_0,Linear_Growth
3550.0,Cyclic,Cyclic_Up-Trend_Dampening,Oscillation
3551.0,Growth&Decline,Growth&Decline_0,Growth&Decline
3552.0,Growth&Decline,Growth&Decline_0,Growth&Decline
3553.0,Growth&Decline,Growth&Decline_0,Growth&Decline
3554.0,Cyclic,Cyclic_No-Trend_Indeterminate,Oscillation
3555.0,2,2_0,Positive_Exponential_Growth
3556.0,Cyclic,Cyclic_Down-Trend_Diverging,Oscillation
3557.0,Growth&Decline,Growth&Decline_1,Growth&Decline
3558.0,Growth&Decline,Growth&Decline_0,Growth&Decline
3559.0,Cyclic,Cyclic_Up-Trend_Dampening,Oscillation
3560.0,Cyclic,Cyclic_Up-Trend_Dampening,Oscillation
3561.0,Cyclic,Cyclic_No-Trend_Stable,Oscillation
3562.0,2,2_1,Positive_Exponential_Growth
3563.0,Cyclic,Cyclic_No-Trend_Diverging,Oscillation
3564.0,Cyclic,Cyclic_Down-Trend_Indeterminate,Oscillation
3565.0,Growth&Decline,Growth&Decline_0,Growth&Decline
3566.0,3,3_0,S-shape_Growth
3567.0,Linear,Linear_0,Linear_Growth
3568.0,Cyclic,Cyclic_Up-Trend_Dampening,Oscillation
3569.0,Cyclic,Cyclic_No-Trend_Indeterminate,Oscillation
3570.0,Cyclic,Cyclic_Down-Trend_Stable,Oscillation
3571.0,Cyclic,Cyclic_No-Trend_Indeterminate,Oscillation
3572.0,Cyclic,Cyclic_No-Trend_Dampening,Oscillation
3573.0,Cyclic,Cyclic_Down-Trend_Dampening,Oscillation
3574.0,3,3_0,S-shape_Growth
3575.0,Cyclic,Cyclic_Down-Trend_Dampening,Oscillation
3576.0,Cyclic,Cyclic_Up-Trend_Indeterminate,Oscillation
3577.0,Growth&Decline,Growth&Decline_1,Growth&Decline
3578.0,Growth&Decline,Growth&Decline_0,Growth&Decline
3579.0,Growth&Decline,Growth&Decline_0,Growth&Decline
3580.0,Cyclic,Cyclic_No-Trend_Stable,Oscillation
3581.0,Growth&Decline,Growth&Decline_1,Growth&Decline
3582.0,Linear,Linear_0,Linear_Growth
3583.0,3,3_1,S-shape_Growth
3584.0,Cyclic,Cyclic_Down-Trend_Dampening,Oscillation
3585.0,Growth&Decline,Growth&Decline_0,Growth&Decline
3586.0,Growth&Decline,Growth&Decline_1,Growth&Decline
3587.0,3,3_0,S-shape_Growth
3588.0,3,3_1,Negative_Exponential_Growth
3589.0,Growth&Decline,Growth&Decline_1,Growth&Decline
3590.0,2,2_0,Positive_Exponential_Growth
3591.0,3,3_1,Negative_Exponential_Growth
3592.0,Cyclic,Cyclic_Down-Trend_Dampening,Oscillation
3593.0,Cyclic,Cyclic_Up-Trend_Indeterminate,Oscillation
3594.0,Growth&Decline,Growth&Decline_1,Growth&Decline
3595.0,Cyclic,Cyclic_No-Trend_Dampening,Oscillation
3596.0,Cyclic,Cyclic_No-Trend_Diverging,Oscillation
3597.0,Growth&Decline,Growth&Decline_0,Growth&Decline
3598.0,Cyclic,Cyclic_Down-Trend_Stable,Oscillation
3599.0,Cyclic,Cyclic_Down-Trend_Diverging,Oscillation
3600.0,Linear,Linear_0,Linear_Growth
3601.0,Cyclic,Cyclic_No-Trend_Stable,Oscillation
3602.0,Cyclic,Cyclic_No-Trend_Indeterminate,Oscillation
3603.0,Linear,Linear_0,Linear_Growth
3604.0,1,1_0,Negative_Exponential_Growth
3605.0,Cyclic,Cyclic_No-Trend_Indeterminate,Oscillation
3606.0,Cyclic,Cyclic_No-Trend_Diverging,Oscillation
3607.0,Cyclic,Cyclic_Down-Trend_Indeterminate,Oscillation
3608.0,Growth&Decline,Growth&Decline_1,Growth&Decline
3609.0,Linear,Linear_0,Linear_Growth
3610.0,Cyclic,Cyclic_Up-Trend_Diverging,Oscillation
3611.0,Growth&Decline,Growth&Decline_1,Growth&Decline
3612.0,Cyclic,Cyclic_No-Trend_Diverging,Oscillation
3613.0,Growth&Decline,Growth&Decline_0,Growth&Decline
3614.0,Linear,Linear_0,Linear_Growth
3615.0,3,3_1,S-shape_Growth
3616.0,1,1_1,Negative_Exponential_Growth
3617.0,Cyclic,Cyclic_No-Trend_Stable,Oscillation
3618.0,Cyclic,Cyclic_No-Trend_Stable,Oscillation
3619.0,3,3_1,S-shape_Growth
3620.0,Linear,Linear_0,Linear_Growth
3621.0,1,1_1,Negative_Exponential_Growth
3622.0,Cyclic,Cyclic_Down-Trend_Diverging,Oscillation
3623.0,Cyclic,Cyclic_No-Trend_Diverging,Oscillation
3624.0,Growth&Decline,Growth&Decline_1,Growth&Decline
3625.0,Linear,Linear_1,Linear_Growth
3626.0,3,3_1,S-shape_Growth
3627.0,Cyclic,Cyclic_Down-Trend_Indeterminate,Oscillation
3628.0,Cyclic,Cyclic_No-Trend_Stable,Oscillation
3629.0,Linear,Linear_0,Linear_Growth
3630.0,Growth&Decline,Growth&Decline_1,Growth&Decline
3631.0,3,3_1,S-shape_Growth
3632.0,Cyclic,Cyclic_No-Trend_Stable,Oscillation
3633.0,Cyclic,Cyclic_Up-Trend_Stable,Oscillation
3634.0,Growth&Decline,Growth&Decline_1,Growth&Decline
3635.0,Linear,Linear_0,Linear_Growth
3636.0,2,2_0,Positive_Exponential_Growth
3637.0,Growth&Decline,Growth&Decline_1,Growth&Decline
3638.0,Cyclic,Cyclic_Down-Trend_Stable,Oscillation
3639.0,Cyclic,Cyclic_Down-Trend_Diverging,Oscillation
3640.0,1,1_1,Negative_Exponential_Growth
3641.0,Cyclic,Cyclic_No-Trend_Diverging,Oscillation
3642.0,Growth&Decline,Growth&Decline_0,Growth&Decline
3643.0,2,2_1,Positive_Exponential_Growth
3644.0,Growth&Decline,Growth&Decline_1,Growth&Decline
3645.0,Cyclic,Cyclic_Up-Trend_Dampening,Oscillation
3646.0,Cyclic,Cyclic_No-Trend_Diverging,Oscillation
3647.0,Linear,Linear_1,Linear_Growth
3648.0,Cyclic,Cyclic_Down-Trend_Stable,Oscillation
3649.0,Cyclic,Cyclic_Down-Trend_Diverging,Oscillation
3650.0,Linear,Linear_1,Linear_Growth
3651.0,Cyclic,Cyclic_Up-Trend_Diverging,Oscillation
3652.0,2,2_1,Positive_Exponential_Growth
3653.0,Linear,Linear_0,Linear_Growth
3654.0,Growth&Decline,Growth&Decline_0,Growth&Decline
3655.0,2,2_1,Positive_Exponential_Growth
3656.0,Cyclic,Cyclic_Down-Trend_Indeterminate,Oscillation
3657.0,Growth&Decline,Growth&Decline_0,Growth&Decline
3658.0,Growth&Decline,Growth&Decline_0,Growth&Decline
3659.0,Growth&Decline,Growth&Decline_1,Growth&Decline
3660.0,2,2_1,Positive_Exponential_Growth
3661.0,Cyclic,Cyclic_Down-Trend_Dampening,Oscillation
3662.0,Cyclic,Cyclic_Up-Trend_Stable,Oscillation
3663.0,2,2_0,S-shape_Growth
3664.0,Growth&Decline,Growth&Decline_0,Growth&Decline
3665.0,Growth&Decline,Growth&Decline_0,Growth&Decline
3666.0,Cyclic,Cyclic_No-Trend_Dampening,Oscillation
3667.0,Linear,Linear_1,Linear_Growth
3668.0,Cyclic,Cyclic_Up-Trend_Indeterminate,Oscillation
3669.0,Cyclic,Cyclic_Up-Trend_Diverging,Oscillation
3670.0,Cyclic,Cyclic_No-Trend_Stable,Oscillation
3671.0,3,3_1,S-shape_Growth
3672.0,Cyclic,Cyclic_No-Trend_Dampening,Oscillation
3673.0,3,3_0,S-shape_Growth
3674.0,Linear,Linear_0,Linear_Growth
3675.0,Cyclic,Cyclic_No-Trend_Diverging,Oscillation
3676.0,Cyclic,Cyclic_Down-Trend_Dampening,Oscillation
3677.0,Cyclic,Cyclic_Up-Trend_Diverging,Oscillation
3678.0,Linear,Linear_1,Linear_Growth
3679.0,Linear,Linear_1,Linear_Growth
3680.0,3,3_1,Negative_Exponential_Growth
3681.0,Cyclic,Cyclic_Down-Trend_Dampening,Oscillation
3682.0,Cyclic,Cyclic_Up-Trend_Diverging,Oscillation
3683.0,Growth&Decline,Growth&Decline_0,Growth&Decline
3684.0,Linear,Linear_0,Linear_Growth
3685.0,Growth&Decline,Growth&Decline_1,Growth&Decline
3686.0,Cyclic,Cyclic_Down-Trend_Dampening,Oscillation
3687.0,1,1_0,Negative_Exponential_Growth
3688.0,Cyclic,Cyclic_No-Trend_Dampening,Oscillation
3689.0,2,2_0,Positive_Exponential_Growth
3690.0,Cyclic,Cyclic_No-Trend_Dampening,Oscillation
3691.0,3,3_0,S-shape_Growth
3692.0,Growth&Decline,Growth&Decline_0,Growth&Decline
3693.0,2,2_0,Positive_Exponential_Growth
3694.0,Cyclic,Cyclic_Down-Trend_Indeterminate,Oscillation
3695.0,3,3_0,S-shape_Growth
